,id,name,flower_lang,info,type,native,flower,date,month,refine_native
0,31608,향나무,영원한 향기,"향나무는 상록침엽수로 우리나라에서 가장 오래 사는 나무 중의 하나이다. 예로부터 마음을 담아 기원을 하는 나무로 소중히 여겨왔으며 관상, 약용, 향료, 조각재 등으로 널리 이용되어 왔다. 목질도 단단하려니와 목재의 향과 색이 일품인 이유로 보인다. 울릉도 도동에 사는 향나무는 2,500년생으로 세계에서 가장 오래된 것으로 전해지고 있다.","측백나무과 향나무속에 속하며 전국에 자생 또는 식재되어 있다. 종류는 자생하거나 흔히 심겨져 있는 향나무, 줄기가 누운 형태로 자라는 눈향나무, 고산지대에서만 자라는 곱향나무, 가지가 수평으로 퍼지는 뚝향나무, 북아메리카원산인 연필향나무 그리고 가지가 나선모양으로 돌아가는 가이쓰가향나무가 있으며 주로 이용되는 것은 가이쓰가향나무와 연필향나무다.","울릉도, 의성, 삼척, 영월 등에 자생 및 전국에 식재","개화기는 4월, 암수딴그루, 수꽃은 타원형이며, 길이 2.8~5.1mm이고, 연한 자갈색이며, 인편의 안쪽에 4~6개의 꽃밥이 있다. 암꽃은 구형이고, 길이는 1.5mm 정도이며, 밖에 4개의 황록색 인편이 있고, 안쪽에는 2쌍의 실편이 있다. 화분은 크기가 30μm 정도이며, 발아구는 화분립 표면에 렌즈형으로 발달하며, 화분체의 표면은 과립상의 돌기물들이 분포한다.",4월,[4],전국
1,29259,나도풍란,인내,"남부지역의 바위나 나무에 붙어사는 난이다. 보통 풍란 하면 소엽풍란을 말한다. 나도풍란은 잎이 넓은 대엽풍란이다. 자연 상태에서는 6년 정도가 지나야 꽃을 피우는데, 그 향기가 진하여 취할 정도로 좋다. 꽃말은 바닷가의 바위에 붙어 모진 풍파를 이겨내며 자라기 때문에 붙여진 듯 하다.","난과의 상록다년초이다. 히말라야, 말레이시아, 스리랑카, 일본, 중국 등에서 자생한다. 우리나라에서는 제주와 전남, 남해안의 따뜻한 섬지방에서 자생하나 지금은 멸종위기에 놓여있다. 원예연구기관에서 조직배양묘를 생산하여 자생지 복원사업을 추진하여 성공단계에 와 있다.",일본 / 한국(전라남도 신안군) ,꽃은 6-8월에 피고 연한 녹백색이며 꽃대는 옆에서 나오고 길이 5-12cm로서 4-10개의 꽃이 총상으로 달린다. 포는 달걀모양이며 길이 4~5mm로서 끝이 둔하고 꽃받침조각은 긴 타원형이며 길이 11~13mm로서 끝이 둔하다. 꽃잎은 꽃받침보다 짧고 입술모양꽃부리는 꽃받침과 길이가 비슷하며 3개로 갈라지고 거꿀달걀모양에 원두이다. 측열편은 작고 중앙열편은 도란상 쐐기모양이며 끝이 둥글고 빗살같은 톱니가 있으며 측열편과 더불어 연한 홍색 반점이 있다. 거(距)는 통같고 안으로 굽는다.,6-8월,"[6, 7, 8]",전남
3,31638,삼나무,"견고, 자신감",상록성 교목으로 원래 우리 땅에 나던 것은 아니다. 일본이 고향인데 우리나라에서는 남부지역에서 많이 재배된다. 어떠한 세찬 바람에도 넘어지지 않고 하늘을 찌를 듯이 우뚝 서 있는 그 모습이 견고해 보이고 자신감이 충만해 보인다.,"낙우송과 삼나무속이며 원산지는 중국, 일본으로 지구상에 딱 한 종이 분포하며, 몇 가지 품종이 개발되어 있다.","경남, 전남 이남 및 제주도 등에서 식재","개화기는 3월, 암수한그루, 수꽃은 타원형이다. 길이는 3.6~6.4(10)mm이고, 포에 4~5개의 꽃밥이 달린다. 암꽃은 구형이며, 뾰족한 자록색 포가 있다. 화분은 크기가 25~28μm 정도이고, 발아구가 뚜렷하게 원뿔형으로 1개가 발달한다. 화분체의 표면은 유두상 돌기물들이 분포한다.
",3월,[3],전남 경남 제주
4,29134,수선화,"자만심, 자존심, 자신만을 사랑하다",수선화의 유래를 보면 그리스신화에 나오는 미소년 나르시스(나르키소스)가 제 모습에 반하여 죽어 꽃이 되었다하니 그 정도의 자존심이면 꽃이 고개를 들만도 한데 꽃은 늘 땅을 바라보고 있다. 꽃 모양은 은 접시에 금잔이 놓여있는 듯 아름답고 향기도 강하다. 아름답고 똑똑한 것도 좋지만 너무 지나치면 결국 자기도취에 빠져 헤어날 수 없음을 가르쳐 주는 듯 하다.,"수선화과에 속하며 세계적으로 약 50종이 분포하는데 알뿌리류가 대부분이지만 숙근성인 것들도 있다. 적응범위가 넓어 해안가로부터 산 중턱에 이르기까지 널리 분포하지만 주로 초원지대에 자생한다. 유럽과 북아프리카가 주요 원산지이며, 우리나라에도 제주에서 자생한다. 수선화는 종에 따라 화형이 다른 것들이 많아 꽃의 모양을 기준으로 Trumpet, Large-cupped, Small-cupped, Double, Triandrus, Cyclamineus 등 총 12개의 형으로 구분한다. 수선화의 영명은 'Daffodil'이다.",제주도에 분포한다. 관상용으로 재배한다.,"꽃은 12-3월에 피며 판통은 길이 18-20mm, 꽃대는 높이 20-40cm이고 포는 막질이며 길이 5-6.5cm이고 꽃봉오리를 감싸며 화경 끝에 5-6개의 꽃이 옆을 향해 달린다. 꽃자루는 길이 4-8cm이고 화피열편은 6개로서 둥글지만 끝이 뾰족하며 길이 14-15mm이고 백색이며 하부는 긴 통상이다. 덧꽃부리는 높이 4mm로서 황색이다. 수술은 6개가 덧꽃부리 밑에 붙어 있고 수술대는 길이 1mm이며 꽃밥은 길이 3mm로서 T자형으로 붙어 있다. 암술대는 덧꽃부리와 길이가 비슷하다. 씨방은 하위이며 녹색이고 3실이다.",12-3월,"[12, 1, 2, 3]",제주
6,26858,우묵사스레피,기억 속에 새기다.,남해의 세찬 바닷바람에도 잘 견디는 늘 푸른 나무이다. 뒤로 약간 말려들어간 동그랗고 작은 잎도 귀엽지만 열매가 쥐똥같이 생겼다 하여 섬 지방에서는 섬쥐똥나무라고도 부른다.,"차나무과에 속하는 상록성 관목이다. 세계적으로 아시아 동남부 및 태평양 열도를 중심으로 약 70종이 자생한다. 우리나라에서는 주로 제주지역이나 남부해안가에 자생하며, 유사종으로 사스레피나무, 거제도에 나는 섬사스레피나무, 잎이 넓고 두꺼운 떡사스레피나무 등이 있다.","중국과 대만,일본,인도 등지; 전라남도 및 경상남도 남쪽 해안과 섬.","꽃은 1 ~ 3개씩 달려 11월 중순에 피고, 지름 4 ~ 5mm로 연한 황록색이고 작은포는 둥글고 매우 작고 꽃받침조각은 2개이며 편원형이고 길이 1.5~2mm로서 털이 없으며 가장자리가 막질이고 꽃잎은 달걀형이며 길이 2mm이고 암술대는 길이 1mm이다.",11월,[11],전남 경남
7,25869,앵초,번영,"물결치는 듯이 곱슬거리는 잎이 인상적인 앵초는 전형적인 한국의 자생화다. 물론 우리와 자연환경이 비슷한 중국이나 일본지역에서도 자생한다. <br><br>
<br><br>
","앵초과의 다년생 초본이며 지구상에 500종이상 분포하는 전형적인 온대성식물이다. 우리나라에는 앵초, 키가 큰 큰앵초, 작은 설앵초, 좀앵초 등이 습기가 좀 있는 반그늘진 곳에 자생하고 있다.","한국, 일본, 중국 동부, 시베리아 등지에 분포한다.
전국 각처의 산지에 난다.",꽃은 4월에 피며 홍자색이고 꽃대는 높이 15-40cm로서 털이 있으며 끝에 7-20개의 꽃이 산형으로 달리고 총포조각은 피침형이며 꽃자루는 길이 2-3cm로서 돌기같은 털이 산생한다. 꽃받침은 통형이고 길이 8-12mm로서 5개로 갈라지며 열편은 피침형이고 끝이 뾰족하며 꽃받침 길이의 1/2-2/3이다. 꽃부리는 지름 2-3cm이고 판통은 길이 10-13mm로서 끝이 5개로 갈라져서 수평으로 퍼지며 끝이 파진다.,4월,[4],전국
9,34734,팔손이,"분별, 비밀",손이 여덟 개가 아니고 넓은 잎이 여덟 갈래로 갈라져 있는 것처럼 보여서 팔손이나무라 불린다. 언뜻 보면 외국의 관엽식물로 착각하기 쉬우나 우리 자생식물 중의 하나로 거제도나 남해 등 남부 해안가 주변이 고향이다. 잎 모양이 넓어 시원한 느낌을 주며 상록성이기 때문에 연중 관상이 가능하다. 음이온 발생도 많아 실내식물로 우수하다.,두릅나무과에 속하는 상록성관목이다. 세계적으로 아시아 동부지역에 단 2-3종이 분포하는 희귀종이지만 아열대의 온화한 기후조건에서 생육이 왕성하기 때문에 널리 자생한다. 우리나라의 남부지역이나 제주도에 자생한다.,일본; 경상남도 남해도(미륵)와 거제도(맥도)에 분포.,"우상모양꽃차례는 가지 끝에 모여서 원뿔모양꽃차례를 이루며 길이와 폭이 각 20 ~ 40cm × 5 ~ 8cm이고, 꽃은 지름이 5mm로 유백색이며 5수이고, 꽃받침열편이 뚜렷하고, 10월 ~ 11월에 개화한다.",10월 ~ 11월,"[10, 11]",경남
11,23136,호랑가시나무,보호," 크리스마스카드를 보면 빨간 열매를 달고 잎 끝이 가시 같은 잎으로 장식된 그림이 빠지지 않고 나온다. 바로 서양호랑가시나무인데, 오늘의 꽃은 우리나라에 자생하는 호랑가시나무이다. 잎 끝이 뾰족한 것이 호랑이의 발톱을 닮아서 붙여진 것으로 보이며, 꽃말도 가시가 침입자로부터 자신을 지킨다는 뜻에서 붙여진 듯 하다.","감탕나무과의 상록성 관목이다. 세계적으로 약 400종이 있으며 상록성은 물론 낙엽성인 것들도 많다. 우리나라에 나는 것으로 유사종은 주로 제주에 자생하는 먼나무, 꽝꽝나무, 좀꽝꽝나무 등이 있다.","중국 북부 ~ 남부 / 전라남북도, 제주도.","꽃은 암수딴그루 또는 잡성주로 4 ~ 5월에 피고 지름 7mm로 향기가 있으며, 우상모양꽃차례는 꽃이 5 ~ 6개씩 달리고 꽃대 길이 5 ~ 6mm로 털이 없다.  암술은 암술대가 없고 암술머리가 약간 높아져서 4갈래로 갈라진다.",4 ~ 5월,"[4, 5]",전남 제주 전북
12,28668,굴거리나무,자리를 내어줌,제주에 가면 아래로 젖혀진 넓고 긴 잎과 빙둘러난 잎자루가 유난히 붉은 빛을 띠어 꽃으로 착각하기도 하는 나무가 있는데 바로 굴거리나무이다. 길고 두꺼운 잎이 마치 고무나무와도 비슷하여 혹시 외래종인가 하는 착각도 든다.,대극과에 속하는 상록성 관목으로 아시아 동부지역을 중심으로 15종이 분포한다. 우리나라는 내장산과 남부해안 및 제주지역에 자생한다.,"중국; 전라남북도, 제주도, 충청남도 안면도, 전북의 내장산, 울릉도에 분포.","꽃은 암수한그루로, 3 ~ 4월에 개화하며 녹색이 돌고, 화피가 없으며 길이 2.5cm의 총상꽃차례로 잎겨드랑이에 달리고, 수꽃은 8 ~ 10개의 수술이 있으며, 암꽃은 약간 둥근 씨방에 2개의 암술대가 있고, 헛수술 발달했다.",3 ~ 4월,"[3, 4]",제주 전북 충남 전남
13,23130,꽝꽝나무,굳은 의지,제주의 어느 식물원에 갔을 때 수형이 잘 다듬어진 울타리가 있어 회양목인줄 알았는데 자세히 보니 꽝꽝나무였다. 산굼부리 오르는 길 양쪽의 탄탄한 생울타리도 바로 이 꽝꽝나무로 만들어진 것이다. 나무줄기가 단단하여 붙여진 이름과 꽃말인 듯싶다.,"감탕나무과에 속하는 상록활엽관목이다. 세계적으로 약 400종이 있으며 상록성은 물론 낙엽성인 것들도 많다. 우리나라에 나는 것으로 유사종은 주로 제주에 자생하는 먼나무, 호랑가시나무, 좀꽝꽝나무 등이 있다.","중국, 대만, 일본; 제주도, 전라남북도, 경상남도.","꽃은 암수딴그루로, 7월 초에 개화하며, 수꽃은 짧은 총상 또는 복총상꽃차례로 3 ~ 7개씩 달리며 퇴화된 암술이 있으며, 암꽃은 잎겨드랑이에 1개씩 달리고, 꽃대가 길며 퇴화된 4개의 수술과 1개의 4실인 씨방이 있다.",7월,[7],제주 전북 경남 전남
16,23369,냉이,나의 모든 것을 바칩니다.,지금도 이른 봄이면 찬바람 나는 들판에서 나물 캐는 아낙네들을 볼 수 있다. 냉이는 꽃이 피기 전에 먹어야하니 2월이 제철이기 때문이다. 싱싱한 냉이 잎과 뿌리를 생각하면 벌써부터 그 향내가 코끝을 맴도는 것 같다. 꽃말처럼 냉이는 잎부터 뿌리까지 버릴 게 없다.,십자화과에 속하는 일년초이다. 전국에서 흔히 야생하며 밭에서는 쓸모없는 풀로 취급받기도 한다. 영명은 열매모양이 쌈지같이 생겼다 하여 붙여진 이름이다.,"▶세계적으로 분포한다.
▶전국 각지에 야생한다.",5~6월에 원줄기 끝에서 백색의 십자모양꽃부리가 많이 달려 총상꽃차례를 형성하며 화경이 있다. 꽃부리는 소형이며 꽃받침조각은 4개로서 긴 타원형이고 길이 1mm정도이다. 꽃잎도 4개이며 거꿀달걀모양으로서 길이 2-2.5mm이고 넷긴수술과 1개의 암술이 있다.,5~6월,"[5, 6]",전국
17,26901,동백나무,"겸손한 아름다움, 자랑",동백나무는 모든 부분이 버릴 것 없는 보배로운 식물이다. 일년 내내 표면이 반지르르한 잎이나 이른 봄에 빨갛게 피었다 일순간 떨어지는 꽃도 인상적이고 가을에 열리는 열매는 옛날 우리 어머님들이 머리손질과 화장품에 이용하기도 했던 동백기름의 원료이다.,"차나무에 속하는 상록성 소교목이다. 대표적인 난지형 식물로 지구상에 약 300여 종이 분포하고 있다. 우리나라에서는 내륙으로는 전북 고창 선운사, 해안으로는 황해도 장삿곶까지 자생한다.","중국, 대만, 일본; 황해도, 충청남도, 전라남북도, 경상남북도, 제주도.",양성꽃으로 적색이고 잎겨드랑이 또는 가지 끝에 1개씩 달려 1월 ~ 3월에 피고 반 정도 벌어지며 작은포는 둥글고 겉에 짧은 백색 털이 있다. 꽃받침조각은 5개이며 길이 1~2cm로서 달걀형의 원형이고 꽃잎은 5~7개가 밑에서 합쳐지며 길이 3~5cm로서 수술과도 합쳐지고 수술은 노란색으로 90~100개가 있다. 꽃밥이 황색이고 씨방에 털이 없으며 암술대가 3개로 갈라진다. 4월에 많이 개화한다.,1월 ~ 3월,"[1, 2, 3]",제주 전북 경남 충남 전남 경북
19,31326,산자고,가녀린 미소,봄이면 원색적으로 화단을 장식하는 튜립 야생원종 중의 하나이다. 튜립 야생종으로는 우리나라에 산자고 한 종만 있어 귀하게 대접받아야 할 토종 자생식물이다. 숲이나 언덕의 시원하고 물이 잘 빠지는 곳에서 흔히 자생한다. 이른 봄에 큰괭이밥 등과 비슷한 시기에 꽃이 피며 꽃대가 가늘어 오후가 되면 꽃 무게를 잘 이기지 못하고 조금씩 구부러져 보는 사람을 애처롭게 한다.,"백합과에 속하는 여러해살이 풀이다. 우리나라는 물론이고 일본이나 중국에도 자생한다. 튜립은 워낙 유명한 알뿌리식물로써 무수히 많은 원예품종들이 개량되어 있으며 야생원종만 해도 100종이 아시아, 중동, 유럽의 온대성 지역에 다양하게 분포한다.","▶일본, 중국 등지에 분포한다.
▶제주, 전남(무등산, 백양산), 경기도(광릉) 등 중부이남에 야생한다.","꽃은 4-5월에 피고 길이 2-2.5cm로서 2-3개이며 꽃자루는 길이 2-4cm이다. 화피열편(花被裂片)은 6개이고 피침형이며 끝이 둔하고 길이 2-2.4cm로서 백색 바탕에 자주색 맥이 있다. 꽃은 백색으로 줄기끝에 한 송이 피는데, 위를 향해 벌어지고 넓은 종모양이다. 수술은 6개로서 화피 길이의 1/2정도이며 3개는 길고 3개는 짧다. 씨방은 녹색이며 세모가 지고 타원체로서 1개의 암술대가 있다.",4-5월,"[4, 5]",전남 경기 제주
21,24242,복수초,"영원한 행복(동양), 슬픈 추억(서양)",꽃 이름을 보면 무림의 복수혈전을 연상하게 하지만 한자로 福(복 복)壽(수명 수)草로써 장수를 기원하는 식물이다. 복수초는 일년 중 가장 먼저 꽃을 피우는 식물이다. 추위에 강해 겨울의 한복판인 2월에 설악산에서 눈과 얼음을 뚫고 나올 정도이다. 여름 고온에는 무척 약해 지상부는 거의 말라죽는다. 꽃이 향광성이라 햇볕이 날 때 활짝 피며 노란 꽃잎 표면에 빛이 반사되면 약간의 열이 발생되면서 꽃 윗부분의 눈을 녹인다. 눈 속에 핀 복수초 모습은 사진으로 종종 볼 수 있다.,"미나리아재비과에 속하며 전국의 산야에서 아직도 흔히 자생한다. 아도니스속에는 세계적으로 약 20종이 분포하는데 한해살이와 여러해살이가 있으며 주로 아시아와 유럽의 고산지대에 햇볕이 어느 정도 드는 곳에 군락을 이루고 있다. 아시아원산인 종들은 약간 그늘진 곳에서 잘 자라며, 유럽종들은 완전 양지나 암석 틈 같은 곳에서 잘 자란다.","▶동부 시베리아, 중국 등지에 분포한다.
▶전국 각처의 산지에서 자란다.(제주도에서 함경도에 이르기까지 광활하게 자연분포한다)",꽃은 4월 초순에 피며 지름 3-4cm정도의 황색이고 원줄기 끝에 1개씩 달리며 가지가 갈라져서 2-3개씩 피는 것도 있다. 꽃받침조각은 흑자색으로서 여러 개이고 꽃잎은 20-30개로서 꽃받침보다 길며 수평으로 퍼지고 거꿀피침모양이고 꽃잎에 꿀샘이 없으므로 별개의 속으로 분류된다. 수술은 많으며 꽃밥은 전체가 둥글게 보이고 짧은 털이 있다.,4월,[4],제주 전국
23,31246,골담초,"청초, 겸손",황금색 꽃이 빛을 받으면 노랗게 무리지어 있는 모습이 돋보이며 꽃 향기는 천연향의 원료가 되기도 하는 식물이다. 꽃에 빨간 무늬가 있는 것도 있다.,"콩과에 속하는 반상록성 관목이다. 유럽남부가 원산이며 세계적으로 약 50종이 분포한다. 서양종은 양골담초, 우리 자생종은 골담초다.",제주도 및 전국에 분포한다.,"꽃은 5월에 피고 단생하며 길이가 2.5~3m로서 처음에는 황색으로 피어 후에 적황색으로 변하고, 아래로 늘어져 핀다. 화경은 길이 1cm 정도로 중앙부에 한 개의 환절이 있다. 꽃받침은 종 모양으로 갈색 털이 약간 있다. 기꽃잎은 좁고 긴 거꿀달걀모양이며 미요두이고 상반부는 황적색, 하반부는 연한 황색이며 날개꽃잎은 황색이고 용골꽃잎은 연한 황색 또는 연한 황갈색이다.",5월,[5],제주 전국
26,30309,너도밤나무,"번영, 창조","울렁대는 가슴을 안고 울릉도에 가보면 뭐가 있을까. 울릉도오징어, 호박엿, 부지깽이나물, 섬노루귀, 섬말나리 등이 있다. 그렇지만 무엇보다 극상림의 대표 수종이며 세계적인 주요 조림수종인 너도밤나무를 울릉도에서 만나볼 수가 있다.",참나무과의 너도밤나무속 식물은 세계적으로 12종이 있으며 그 중 한 종인 너도밤나무가 우리나라 울릉도에 자생한다. 키가 20m나 되는 낙엽 지는 큰키나무이며 잘 보존해야 할 한국특산식물이다. 꽃은 5월에 암수가 한 그루에 피는 일가화(一家花)이다.,중국 내륙; 한국(경상북도 울릉군) ,암수한그루로 꽃은 5월에 피고 새가지에 달리며 수꽃은 두상으로 모여 달리고 화경은 길이 2.5㎝로서 털이 나 있다. 암꽃은 2개씩 피는데 4~6개의 화피가 합쳐져 있고 암술대는 3개이며 씨방은 3실로서 각각 2개의 밑씨가 들어 있으나 1개만 익는다.,5월,[5],경북
27,31527,탱자나무,추억,줄기가 튼튼하고 재질이 단단하며 날카로운 가시가 있어 오래전에 남부지역에서 울타리용으로 많이 쓰이던 나무였다. 꽃말처럼 이젠 찾아보기 힘들어 점차 추억 속으로 사라져 가는 느낌이다. 재질이 단단해 명절이면 윷을 만들어 놀던 기억이 난다.,"감귤이나 유자와 같은 운향과 식물로써 낙엽성 관목이다. 탱자나무는 세계적으로 단 한 종이 분포하는 식물로, 자생지가 중국과 한국이다. 우리나라에서는 문헌상에 경기도 이남지역에서 자라는 것으로 알려져 있지만 자생종은 찾기 힘들고 흔히 볼 수 있는 것은 재배종이다. 탱자나무는 키가 3m정도까지 자라며, 가지에 3-5cm 길이의 단단한 가시가 어긋나기로 달려있다. 꽃은 5월에 흰색으로 피는데, 가지 끝이나 마디 겨드랑이에 한 두 개씩 핀다. 열매는 9월경에 둥글게 성숙하는데 처음에 녹색으로 달렸다가 익어가면서 점차 노란색으로 변한다. 열매에서 나는 향기가 좋지만 먹을 수는 없다.",중국; 경기도 이남 식재.,"꽃은 5월 ~ 6월에 피고 백색으로 가지 끝 또는 잎겨드랑이 1개 또는 2개씩 달리며, 꽃받침조각과 꽃잎은 각 5개가 떨어져 있고, 수술은 20개로 많으며 털은 없고 씨방은 8~10실로 나뉘고 밀모가 있다.",5월 ~ 6월,"[5, 6]",경기
28,26483,깽깽이풀,안심하세요,이름만 들으면 볼품없을 것 같지만 이른 봄 햇빛이 좀 드는 숲 따뜻한 곳에 무리지어 있는 모습을 보면 누구나 감탄할 정도로 아름답다. 키는 작지만 올망졸망 모여서 나고 가늘고 긴 꽃대에 보라색 꽃을 피우며 연잎처럼 생긴 잎을 가지고 있다.,"매자나무과 여러해살이풀로써 지구상에 딱 2종이 있는데, 그 중 하나가 우리나라에 나는 것이다. 제주와 남부도서지방을 제외한 전국의 숲 가장자리 그늘진 곳에 자생한다.","중국, 러시아 / 한국(경기도; 강원도; 충청북도; 전라남도; 경상북도; 경상남도)",꽃은 4-5월에 피고 지름 2cm로서 홍자색이며 1-2개의 꽃대가 잎보다 먼저 나와 끝에 꽃이 1개씩 달린다. 꽃받침조각은 4개이고 피침형이며 꽃잎은 6-8개로서 거꿀달걀모양이고 옆으로 퍼지며 8개의 수술과 1개의 암술이 있다.,4-5월,"[4, 5]",강원 경남 경기 전남 경북 충북
29,28542,우산나물,편히 쉬세요,잎이 다 펴지면 우산을 닮았다. 폈을 때 우산 모양도 아름답지만 추위가 풀리고 봄이 오면서 땅속에서 나오는 어린 싹을 보면 생명의 신비를 느낀다. 은색 털옷을 입고 하나 둘 쑤욱~쑥 올라오는 걸 보면 경이로울 지경이다. 우산을 받쳐 시원하게 해줄테니 편히 쉬라는 뜻이 담겨 있다.,"국화과에 속하는 여러해살이풀이다. 잎이 자라는 모양을 보고 삿갓나물이라고도 부르지만 삿갓나물이라는 종이 따로 있다. 중국, 우리나라, 일본에 3종이 분포한다.","▶일본, 중국에 분포한다.
▶전국의 야산에서부터 표고 1.000m씩 되는 고산지대까지 수림밑의 반그늘진 습한 곳에 군락을 이루며 자생한다.","꽃은 6-9월에 피며 지름 8-10mm로서 원뿔모양꽃차례를 이루며 화경은 길이 3-10mm로서 털이 있으며 포는 길이 1.5-3mm로서 피침형이다. 총포는 원통형이고 길이 9-10(때로는 7)mm이며 포편은 5개, 낱꽃은 7-13개이며 꽃부리는 길이 9-10mm로서 끝이 5개로 갈라진다.",6-9월,"[6, 7, 8, 9]",전국
30,27629,갯버들,"자유, 친절","겨우내 두껍게 얼었던 얼음이 녹아 그 밑으로 시냇물 소리가 들릴 즈음, 반가움에 꼬리를 흔들며 달려오는 강아지처럼 봄을 맞는 꽃이 바로 갯버들이다. 말 그대로 개울가에서 자라는 버들이다. 봄에 피는 많은 식물들처럼 갯버들도 꽃이 잎보다 먼저 나오며 4월에 핀다. 갯버들이 피기 시작하면 여기저기 은빛 찬란한 모습으로 솜털을 드러낸다.","버드나무과의 낙엽활엽관목이다. 세계적으로 대략 300종이 분포하고 있으니 꽤 대가족인 셈으로 저지대의 초원이나 강둑 같은 곳에 자생한다. 우리나라에는 꽃버들, 콩버들, 난쟁이버들... 등 총 33종류가 살고 있다.","중국, 일본, 러시아(우수리); 우리나라 전국에 걸쳐 표고 100 ~ 1,800m 사이에 자생",꽃은 잎보다 먼저 3~4월에 피며 전년지에 액생하고 암수딴그루이며 유이꽃차례로 달린다. 수꽃차례는 길이 3~3.5cm로서 꽃대축에 털이 있고 포는 달걀모양으로 첨두이며상반부는 흑색으로서 털이 있고 꿀샘은 1개이며 수술은 2개가 완전히 동합한다. 암꽃차례는 길이 2~5(7)cm로서 꽃대축에 털이 있고 포는 난상 긴 타원형으로서 털이 있으며 꿀샘은 1개이고 적색이다. 암술머리는 4개이고 1개의 꿀샘이 있다. 씨방에 긴 털이 있다.,3~4월,"[3, 4]",전국
31,27617,버드나무,"정화, 경쾌",이른 봄 꽃샘추위에 우리 코끝은 빨개지지만 이때 쯤이면 강변의 버드나무는 물을 한껏 올려 가지가 낭창낭창해지면서 봄맞이 준비에 한창이다. 옛 선조들의 풍류에도 한몫하였고 이순신장군의 일화에도 나오는 우리 생활과 가까운 나무이다.,"버드나무과에 속하는 낙엽활엽수교목으로 키가 10m이상 크게 자란다. 개암나무처럼 한 나무에 암꽃과 수꽃이 따로 있는 일가화(一家花)이며, 종류가 참 많다. 이름만 들어도 정겨운 왕버들, 쪽버들, 능수버들, 용버들, 여우버들, 떡버들..... 같은 속에 속하는 버들 종류만 하더라도 무려 41종(세계적으로는 약 300종 이상이 분포)이 우리나라에 자생하고 있다.","전국 산야의 표고 50 ~ 1,300m 사이에 자생","암수딴그루로서 꽃은 4월에 피고 수꽃차례는 길이 1~2cm로서 꽃대축에 털이 있으며 포는 타원형이고, 길이 1.5mm정도로서 견모가 밀생하며 꿀샘과 수술이 각각 2개이고 수술대 밑에 털이 있다. 암꽃차례는 길이 1~2cm이며 꽃대축에 털이 있고 포는 녹색으로서 달걀모양이며 털이 있고 꿀샘은 1~2개이다. 씨방은 달걀모양으로서 대가 없으며 털이 있고 암술대는 약간 길며 암술머리는 4개이다. 꽃이 빽빽이 있다.",4월,[4],전국
32,28343,벚나무,"정신의 아름다움, 가인",눈송이들이 가지마다 수북이 붙어있는 것 같은 모양으로 하얀 꽃들이 가득 피어 많은 사람들의 가슴에 환희를 준다. 대부분 봄꽃들처럼 남쪽에서부터 꽃이 피기 시작하는데 3월이면 제주에서부터 피기 시작한다. 전국 곳곳에서 밤낮을 가리지 않고 열리는 벚꽃축제만큼 봄을 만끽하는 꽃 축제도 드물지 않을까 싶다. 만개기가 지날 때 쯤 바람이라도 불면 꽃비 내리는 모습이 장관이다.,"장미과에 속하는 낙엽성 교목으로 왕벚나무, 벚나무, 올벚나무, 산벚나무, 개벚지나무, 산개벚지나무, 복개벚지나무 등이 있는데, 현재 가장 많이 심겨져 있는 것은 왕벚나무인 듯 하다. 벚꽃은 일본 원산이고 일본의 나라꽃이라 하여 우리나라의 가로수로 적합하지 않다는 주장도 있지만 왕벚나무는 우리나라 한라산에서도 엄연히 자생한다. 나무 입장에서 보면 한국에 날수도 있고 일본에 날수도 있는 건데 너무 사람 입장에서 보면 불필요한 오류와 논쟁이 생길 수 있다.","중국, 일본 / 함경남북도 등을 제외하고 전국에 분포, 강원도에 가끔 발견.","꽃은 4월 중순 ~ 5월 초에 개화하고, 연한 홍색 또는 거의 백색으로, 산방 또는 우상모양꽃차례에 2 ~ 5개씩 달리고, 꽃대축에 포가 있으며, 작은꽃대에는 털이 없다.   꽃받침통은 털이 없고, 열편은 달걀꼴 예두이고, 암술대에는 털이 없다.",4월 중순 ~ 5월,"[4, 5]",강원  경남 전국
33,26093,산수유,"지속, 불변 ",봄에 가장 먼저 피는 노란 꽃을 꼽으라면 산수유와 생강나무 꽃이다. 그래서 이 둘은 우리에게 봄이 왔음을 알리는 대표적인 우리 자생식믈이다. 특히 산수유는 노란 요정들이 춤추듯 소담스럽게 피는 꽃도 예쁘지만 향기도 그윽하다. 가을에 달리는 빨간 열매와 잎의 단풍은 다시한번 아름다움을 보여 준다.,"층층나무과에 속하는 낙엽성 소교목이다. 이 속에 딸린 식물들은 세계적으로 약 45종이 북반구지역에 분포한다. 우리나라, 중국, 일본 등지에도 많이 분포하는데 추위에 약해 남부지역에서만 자란다. 산수유의 잎은 긴 달걀모양으로 마주 나며 끝이 뾰족하다. 3∼4월에 노란 꽃들이 잎이 나오기 전에 먼저 피는 것이 특징이다. ",경기도와 강원도 이남에서 널리 식재.,"암수한꽃으로 3 ~ 4월 잎보다 먼저 개화하고 노란색이며 지름이 4 ~ 5mm이고, 우상모양꽃차례에 20 ~ 30개의 꽃이 달린다.  총포조각은 4개이고 노란색이며 길이 6 ~ 8mm로, 타원형 예두이고, 꽃대 길이는 6 ~ 10mm이며, 꽃받침조각은 4개로 꽃받침통에 털이 있고, 꽃잎은 피침상 삼각형이며 길이 2mm이다.",3 ~ 4월,"[3, 4]",강원  경기
35,26364,히어리,봄의 노래,다른 나라에는 나지 않고 우리나라에만 나는 한국특산식물이다. 봄에 잎보다 먼저 나오는 꽃이 작은 종지를 여러 개 엎어놓은 듯한 모양을 하고 있다. 북한에서는 납판나무(우리나라에서도 송광납판화라고도 함)라 하는데 꽃잎이 밀랍처럼 생겼다 하여 붙인이름 같다.,"조록나무과 낙엽활엽수 관목이다. 지구상에 약 30종이 자생하는데 주로 아시아의 온대지역에 분포한다. 우리나라는 지리산과 남해 일부, 경기 일부지역에 자생하며 환경부지정 보호대상식물이다.","일본; 전라남도 지리산, 백운산, 경기도 수원과 포천 백운산 지역등에 분포.","꽃은 3월 말 ~ 4월 중에 밝은 노란색으로 피고 총상꽃차례로 달려 늘어지고 화기에 꽃대축은 길이 3~4cm이고 8~12개의 꽃이 달린다. 꽃받침조각과 꽃잎, 수술은  각각 5개이고 털이 없으며, 꽃잎은 거꿀달걀형이고 예저이며 작은 오목형 또는 둔두이다. 기부의 포는 장란형으로 막질이고 양면에 견모가 있으며 꽃의 포는 장란형으로 내면과 가장자리에 융털이 있다. ",3월 말 ~ 4월,"[3, 4]",전남 경기
36,24668,유채,"명랑, 기분전환",제주의 봄! 하면 노란 물결 일렁이는 넓은 유채밭이 생각난다. 이미 제주에서는 관광 상품화하여 다양한 볼거리를 제공하고 있다.,십자화과의 두해살이풀이다.,"한국(제주와 남부지방), 일본, 중국 등지","꽃은 3∼4월에 원뿔모양꽃차례를 이루며 가지 끝에 달린다. 약 10cm 길이의 꽃대를 가진 홑꽃이 핀다. 꽃잎은 끝이 거꿀달걀모양이고 길이 10mm이며, 6개의 수술 중 4개는 길고 2개는 짧으며, 암술은 1개이다. 꽃받침조각은 피침형의 배같고 4개로 갈라지며 길이 6mm이다. 성숙한 이삭 길이는 가지의 위치, 재식방법, 품종 등에 따라 다르나 대개 35∼45cm이고 한 이삭에 30∼40개의 열매가 달린다.",4월,[4],제주
38,27147,조팝나무,매력,조팝나무의 학명 Spiraea는 그리스어로 나선 또는 화환이라고 한다. 길게 늘어지는 가지가 잘 휘어져서 동그랗게 이으면 그대로 화관이 되기도 한다. 다닥다닥 붙어 있는 꽃모양이 멀리서 보면 눈이 온 듯 눈부시지만 화려하지 않고 소담스럽고 순박한 꽃이다. 특히 조팝나무는 향기가 있어 정원 생울타리용으로 우수한 소재이다.,"장미과의 소관목이다. 지구상에 약 80여종이 자생하는데 유럽, 아시아, 북미 지역에 집중적으로 분포하며 우리나라에서도 전국의 산야에서 비교적 흔히 볼 수 있다. 꽃이 담홍색인 참조팝나무, 약간 덩굴성을 보이는 덤불조팝나무, 핑크빛 꼬리 모양의 꽃차례를 가진 꼬리조팝나무, 꽃이 둥근 형태로 모여 핀 공조팝나무 등이 있다.",중국 중부 ~ 남부에 분포; 함경남북도를 제외한 전국 분포.,"꽃은 우상모양꽃차례로 윗부분의 짧은 가지에서 4 ~ 6개의 꽃이 달리고 4월 말 ~ 5월 말에 핀다.  작은꽃대 길이는 1.5cm로 털이 없으며, 꽃받침조각은 5개로 첨두이고 안쪽에 면모가 있으며, 꽃잎은 백색으로 5개이고 거꿀달걀형 또는 타원이며 길이가 4 ~ 6mm이고 암술대는 수술보다 짧다.",4월 말 ~ 5월,"[4, 5]",경남 전국
39,26055,진달래,절제,"이른 봄, 야산에서 흔히 볼 수 있는 꽃 중 하나이다. 진달래는 김소월님의 시 <진달래 꽃>에도 들어있고, 대중가요에도 들어있을 만큼 우리와 친숙하며 수천년동안 우리 민족의 얼과 풍류속에 녹아있는 순수한 우리 식물이기도 하다. ","진달래과의 낙엽활엽수 관목이다. 온 산을 붉게 물들이는 모습이 보기에는 좋지만, 척박한 토양에서 잘 자라며 특히 산성토양에서 견디는 힘이 강하다.","중국, 내몽고, 일본, 극동러시아; 전국 분포(저지대부터 아고산).","꽃은 3월 말 ~ 4월 말 개화하며 잎보다 먼저 피고, 꽃부리는 벌어진 깔때기모양이고 지름이 3 ~ 4.5cm로 보랏빛의 붉은색 또는 연한 붉은색이고, 겉에 잔털이 있다.",3월 말 ~ 4월,"[3, 4]",전국
40,28145,양지꽃,봄,"꽃샘추위가 옷깃을 여미게 하는 날에도 산기슭이나 길가 양지바른 곳을 보면 어김없이 활짝 웃고 있는 노란 꽃이 있다. 따사로운 봄 햇살을 받으며 환하게 웃는 모양이 우리에게 봄은 이미 아주 가까이 왔음을 알리는 듯 하다. 봄을 알리는 꽃 중에서 복수초, 노루귀 같은 것들은 꽃이 먼저 피지만 양지꽃은 잎이 먼저 나온 뒤 꽃이 핀다.","장미과의 여러해살이 풀이다. 우리나라를 비롯하여 중국 북동부, 일본, 시베리아 등지에 분포한다. 비슷한 것으로 개소시랑개비와 제주양지꽃이 있다.","한국, 일본에 분포한다.
전국의 산야에 자생한다.","개화기는 4~6월이며, 화경이 길게 자라 그 끝에서 집산상으로 황색 꽃이 핀다. 꽃의 직경은 15~20mm로 꽃받침의 길이보다 1.5~2배 정도 길다. 꽃받침의 조각은 5개이고, 끝이 뾰족하며 부꽃받침은 꽃받침과 크기가 같거나 작다. 꽃잎은 도란상 원형이고, 약간 끝이 오목하다. 꽃턱에는 털이 있다. 암술과 수술은 여러 개이다.",4~6월,"[4, 5, 6]",전국
41,28560,솜방망이,안전합니다.,풀 전체가 은색 털로 덮여 있고 긴 꽃대 끝에 피어있는 꽃 전체의 형태가 둥근 모양새를 띠고 있어서 솜방망이라는 이름을 얻은 것 같다. 꽃대가 위로 곧추 서 쓰러질 것 같지만 대가 튼튼해 꽃말처럼 쓰러지지 않는다.,"국화과의 여러해살이풀이다. 종류는 산솜방방이, 민솜방망이 등이 있다. 전국의 햇볕이 드는 곳이면 어디서나 볼 수 있다.","▶한국, 일본 등지에 분포한다.
▶전국에 분포한다.","꽃은 5-6월에 피고 지름 3-4cm로서 3-9개가 산방상 또는 산형 비슷하게 달리며 화경은 길이 1.5~5cm로서 백색 털로 덮여 있다. 총포는 통형이고 길이 8mm, 폭 11mm이며 비늘잎은 끝이 뾰족한 피침형이고, 혀꽃은 1줄로 배열되는데 길이가 12-16mm, 폭은 2~3mm로 황색이다.",5-6월,"[5, 6]",전국
43,29587,황매화,"숭고, 고귀, 왕성",진한 노란색 꽃이 줄기를 따라 피어 있는 모습이 무척 인상적이며 상록성이 아닌데도 사철 줄기가 초록색이어서 더 기억에 남는 나무이다. 꽃이 노란색으로 매화꽃을 닮았다 하여 황매화라 한 것 같다.,"장미과의 낙엽성소관목이다. 중국, 일본이 고향이며 우리나라에서는 중부이남지역에서 관상용으로 흔히 재배되고 있다. 꽃은 홑꽃으로 꽃잎이 다섯 장을 기본으로 하는데 꽃잎이 겹꽃인 것은 '죽단화(K. japonica for. plena)'라고 한다. 황매화는 가을에 검은색 열매를 맺지만 죽단화는 열매가 열리지 않는다.","▶일본, 중국에도 분포한다.
▶전국 각지에 분포한다.",꽃은 완전화로서 가지 끝에 1개씩 피며 지름 3-4cm이고 황색이며 측지끝에서 잎과 같이 피고 꽃자루는 길이 2cm에 달한다. 꽃받침조각은 5개이고 달걀모양 첨두로서 털이 없으며 잔톱니가 있고 꽃잎은 5개이며 달걀모양 또는 난상 원형이고 수술은 많으며 암술대와 길이가 비슷하고 심피는 5개(간혹 8개)이며 4-5월에 개화한다.,4-5월,"[4, 5]",전국
45,26466,피나물,보이는 것이 전부가 아닙니다.,완연한 봄으로 들어설 무렵 숲속계곡을 지나다 보면 노란색 군락으로 향연을 펼치는 꽃이 있다. 겉에서는 안보이지만 줄기를 자르면 노란 빛을 띤 붉은 유액이 나온다하여 피나물이라 불리는 꽃이다. 군무를 펼치듯 무리지어 있는 모습을 보면 어느 누구든 감탄하고 만다.,양귀비과의 여러해살이 풀이다. 숲 속 그늘진 곳이나 계곡 주변 습기가 많은 곳에 군락으로 자생한다. 유사한 식물로 노랑매미꽃이 있는데 피나물은 한 꽃대에 꽃이 하나씩 피고 노랑매미꽃은 2~3개씩 모여 피는 것이 다르다.,"▶한국, 만주, 일본 등지에 분포한다.
▶경기도 이북 산지에서 자생한다.","4~5월에 선명한 황색 꽃이 피며, 원줄기 끝의 잎겨드랑이에서 1~3개의 긴 화경 (花莖)이 나오고 끝에 1송이씩 달린다. 화경에 몇 개의 잎이 달린다. 꽃받침조각은 2개로 달걀모양이며 길이 16mm 정도로서 일찍 떨어지고 꽃잎은 4개이며 난상 원형이고 길이 2.5cm로서 윤채가 있는 황색이며 그 속에 많은 수술과 1개의 암술이 있다.",4~5월,"[4, 5]",경기
46,29034,삼지닥나무,당신을 맞이합니다.,"한지의 원료식물로 닥나무, 삼지닥나무, 황촉규, 산뽕나무 등이 있는데, 이들 중 삼지닥나무는 일본에서 화지를 만드는데 주로 쓰인다고 한다. 봄에 잎이 나기 전 꽃이 먼저 피는데 벌집을 매단듯한 모양의 노란 꽃이 예쁘고 향도 달콤하다. 나뭇가지가 셋으로 갈라진다 하여 삼지닥나무라 불린다.","팥꽃나무과의 낙엽활엽수 관목이다. 국내에서 자생지는 확인된 바 없고 전라도, 경상도 및 제주도에 심고 있다.","전라남도, 경상남도 및 제주도에 식재.","가을철 잎이 떨어질 무렵에 가지 끝에서 1~2개의 꽃봉오리가 생기고, 4월에 잎보다 먼저 둥글게 모여 피고 노랑색으로 길이는 1cm이며, 꽃받침은 통형이며 4개로 갈라지고, 길이 12 ~ 14mm로 겉에 흰색의 잔털있으며, 열편은 타원형이고 길이는 5mm이다. ",가을철,"[9, 10, 11]",전남 경남 제주
47,22938,노루귀,"위로, 인내",숲에서 앞만 보고 가는 사람은 볼 수 없는 꽃이다. 노루귀는 키가 작고 바닥에 바짝 붙어있기 때문이다. 가끔은 아래도 살피고 가야 곱디고운 색감의 작은 꽃들을 관찰할 수 있다. 하얀 털을 뒤집어쓰고 꽃대가 나오면 꽃잎과도 같은 꽃이 피어나고 그 꽃이 질 무렵 잎이 나오는데 말려있는 모양이 노루위 귀를 닮아 붙여진 이름이다.,미나리아재비과의 여러해살이풀이며 적응력이 좋아 사는 곳에 따라 다양한 변화를 보인다. 꽃색도 어느 것에 뒤지지 않고 잎 모양도 좋다. 한 가지 흥미로운 것은 씨앗을 통해 나온 개체들은 변이가 매우 다양하다는 사실이다. 실제 자생지를 보면 형태가 같은 것들은 상당히 드물다. 이것은 노루귀가 특히 타식율(타가수정되는 비율)이 높다는 것을 말해주는 것이다.,"전국 각지에서 자란다.-- 제주, 서울(북한산), 전남, 전북(덕유산), 경남, 충남(계룡산), 충북, 강원, 경기(광릉, 가평, 와야산, 천마산), 평북 함남에 야생한다.","꽃은 4월에 아직 잎이 나오기 전에 피며 지름 1.5cm정도로서 백색 또는 연한 분홍색이고 화경은 길이 6-12cm로서 긴 털이 있으며 끝에 1개의 꽃이 위를 향해 핀다. 총포는 3개이고 달걀모양이며 길이 8mm, 폭 4mm로서 녹색이고 백색털이 밀생하며 꽃받침조각은 6-8개이고 긴 타원형이며 꽃잎같다. 꽃잎은 없고 수술과 암술은 많으며 황색이고 씨방에 털이 있다.",4월,[4],제주 전북 강원 경남 경기 충남 전국 전남 충북 서울
48,30528,미선나무,모든 슬픔이 사라진다.,"봄을 대표하는 꽃 중 길가를 노랗게 만드는 개나리를 모르는 사람은 없다. 하지만 꽃모양은 개나리와 비슷하면서 은은한 향도 있고 가을 열매도 예쁜 우리나라의 특산식물이 있다는 것을 아는 사람은 그리 흔치 않다. 동화책에 보면 궁중 시녀들이 임금님 옆에서 모양이 동그란 부채를 들고 있는 모습이 있는데, 이 그림에 나오는 부채처럼 생긴 열매를 가진 나무가 바로 미선나무기도 하다.",물푸레나무과의 낙엽활엽관목이다. 충북 괴산과 진천지역이 자생지로 법으로 보호되고 있다. 유사한 종으로 미선나무에서 유래된 분홍미선나무를 제외하면 세계적으로 1종 1속밖에 없는 희귀종으로 우리나라가 유일한 자생지다.,"충청북도, 전라북도 지역 전석지, 한반도 고유종.","꽃은 전년도에 형성되었다가 잎보다 먼저 피며, 총상꽃차례로 꽃은 자주색이며 길이는 3 ~ 4mm이다. 꽃받침은 종상 사각형으로 떨어지지 않고 길이는 3 ~ 3.5mm이고, 열편은 4개이며 꽃부리는 꽃받침보다 길며 흰색, 연한 노란색 또는 약간 붉은색 등으로 3월 중순 ~ 4월 초순에 개화한다.",3월 중순 ~ 4월,"[3, 4]",충북  전북
49,22924,할미꽃,공경,세월의 무게를 이기지 못하여 허리가 굽어지고 하얗게 세 버린 머리를 빗어 곧게 틀어 올리려고 해도 흩어져버리는 할머님의 뒷모습을 보면 '백두옹‘이라는 말이 생각난다. 백두옹은 할미꽃의 다른 말이기도 하다.,"미나리아재비과의 여러해살이풀이다. 세계적으로 약 30종이 자생하는데, 우리나라에는 가는잎할미꽃, 분홍할미꽃, 할미꽃, 산할미꽃, 동강할미꽃 등 5종이 있다.",전국 각처의 산야에 분포한다.(제주도를 제외한 한반도 전역에 분포),"꽃은 4월에 피고 높이 30-40cm의 꽃대가 나와 끝에 1개의 꽃이 밑을 향해 달리며 작은포 는 화경 윗부분에 달리고 3-4개로서 다시 잘게 갈라지며 겉에 화경과 더불어 긴 백색털이 밀생한다. 꽃받침 열편은   6개이고 긴 타원형이며 길이 35mm, 폭 12mm로서 겉에 명주실같은 백색 털이 밀생하나 안쪽에는 털이 없으며 적자색이다.",4월,[4],제주 전국
50,37868,얼레지,여인,"야생화 하면 보통은 ‘수수함’이나 ‘소박함’을 연상하게 되는데, 그런 수식어와는 좀 거리가 먼 화려한 꽃이 있다. 꽃잎을 뒤로 맘껏 젖힌 모양새가 기품이 넘치는 여인처럼 보이는 얼레지가 그것이다. 자생지에서 보면 대 군락을 이루는 경우가 많아 계곡이나 능선 전체가 장관을 이룬다.",백합과의 여러해살이풀로써 고산지역 계곡 주변에 집단으로 자생한다. 흰색의 변이종도 볼 수 있다.,"▶한국, 일본, 중국 등지에 분포한다.
▶전국의 주로 높은 산악지대에서 자란다.","봄철에 길이 25cm의 꽃대가 나오고 그 밑부분에 2개의 잎이 지면 가까이에 달린다. 꽃은 4월에 피며 화경끝에 1개의 꽃이 밑을 향해 달린다. 꽃잎은 6개이고 피침형이며 길이 5-6㎝, 폭 5-10mm로서 뒤로 말리고 자주색이지만 안쪽 밑부분에 더욱 짙은 W자형의 무늬가 있다. 수술은 6개이며 길이가 서로 같지 않고 꽃밥은 자주색이며 길이 6-8mm로서 넓은 선형이고 암술머리는 3개로 갈라진다.",봄철에,"[3, 4, 5]",전국
51,33237,각시붓꽃,"부끄러움, 세련됨",각시 라 하면 이제 막 시집 온 새색시를 연상케 한다. 그래서인지 여러가지 붓꽃들 중에서 각시붓꽃은 바라볼수록 다소곳함과 소박함이 느껴지는 꽃이다. 길고 곧게 뻗은 가는 잎도 한층 분위기를 더한다.,붓꽃과의 여러해살이풀로써 전국의 습기가 유지되는 곳이면 흔히 자생한다. 붓꽃 중 키가 작은 편으로 꽃이 진 후 잎이 더 길게 자란다.,전국의 산지에 분포하고 중국 동부와 일본 남부에 분포한다.,"꽃은 4~5월에 피고 꽃대 선단에 지름 3.5-4cm로서 자주색이며 판통은 길이 4-6cm이고 화경은 높이 5-15cm로서 4-5개의 포가 있으나 가장 위의 포에서 1개의 꽃이 핀다. 포는 녹색이며 길이 4~6cm로서 선형이고 예첨두이며 꽃자루는 길이 8mm로서 씨방보다 길다. 외꽃덮이는 좁은 거꿀달걀모양이고, 중앙부에 두드러진 돌기가 없으며 밑부분이 뾰족하고 내꽃덮이는 곧추서며 약간 짧다. 꽃밥은 황색이고, 길이 4mm로서 수술대보다 짧으며 암술대는 3개로 갈라진 다음 다시 끝이 2개로 깊게 갈라진다.",4~5월,"[4, 5]",전국
52,27997,바람꽃,"당신만이 볼 수 있어요, 덧없는 사랑",‘바람의 딸’이라는 이름과 걸맞게 바람과 가까운 높은 곳에 보금자리가 있다. 우리나라 바람꽃 종류는 대부분 봄에 피지만 오늘의 바람꽃만은 유일하게 여름에 꽃을 피운다. 그러니 이 봄이 바람꽃에게는 새로운 잉태를 위한 준비기간일 듯 싶다.,"미나리아재비과의 여러해살이풀로써 중, 북부지역의 고산지대에 습도가 웬만큼 유지되는 곳에서 흔히 자생한다. 우리나라에 자생하는 종으로 꿩의바람꽃, 회리바람꽃, 홀아비바람꽃 등 15종류의 바람꽃이 있다.","일본, 중국, 러시아, 미국, 유럽 / 한국(강원도 속초시, 양양군, 인제군) ",꽃은 7-8월에 피고 백색이며 화경은 1-4개이고 꽃자루는 5-6개가 산형으로 나와 꽃이 1개씩 달린다. 꽃받침조각은 5-7개이며 길이 12-15mm로서 달걀모양 또는 타원형이다. 총포조각은 길이 2-4cm로서 선형으로 갈라진다.,7-8월,"[7, 8]",강원
56,28944,매실나무,"깨끗한 마음, 결백",봄에 구례와 하동을 잇는 섬진강변 도로를 지나다 보면 양쪽 산자락에 하얗게 핀 매실나무들을 쉽게 볼 수 있다. 이제 이 매화꽃길은 봄이 오면 많은 사람들이 찾는 주요 관광명소가 되어 있다. 꽃길을 따라가다 보면 매화마을을 만나는데 이 곳의 매화군락은 그야말로 한 폭의 수채화를 연상하게 할 만큼 아름답다. 매화는 사군자로서의 기품과 향기도 지니고 있다.,장미과의 낙엽성 작은 키 나무이다. 중국원산으로 남부지방에서 많이 재배되고 있으며 꽃은 4월경에 잎보다 먼저 피는데 흰색에 가까운 녹색으로 향기가 강하다. 개나리처럼 줄기에 꽃눈이 가을에 만들어져 겨울을 지나면서 잠을 잔 뒤에 봄에 온도가 올라가면서 꽃이 핀다.,"▶일본, 대만, 중국에도 분포한다.
▶전남, 전북, 경남, 충남, 충북, 경기, 황해도에서 야생 또는 재배한다.",백색 또는 담홍색으로 4월에 잎보다 먼저 피고 전년도 잎겨드랑이에 1-3개씩 달리며 화경이 거의 없다. 지름 2.5㎝내외로 향기가 강하고 색깔이 다양한데 기본종은 분홍색이다. 꽃받침은 5개로 자갈색의 타원형이며 원두이다. 꽃잎은 넓은 거꿀달걀모양으로 끝이 둥글고 많은 수술이 울타리처럼 1개의 암술을 보호하고 있다. 씨방에 밀모(密毛)가 나 있다.,4월,[4],전북 경남 경기 충남 전남 충북
57,27785,천남성,현혹,이름만 들으면 남녘하늘 어디쯤 있는 별 이름 같지만 이 식물을 처음 본 사람은 고개를 바짝 쳐든 뱀을 연상하기도 한다. 실제로 꽃을 싸고 있는 포가 뱀의 머리모양을 닮았다하여 ‘사두초’라고도 불린다. 긴 통모양의 포와 가을에 붉게 익는 타원형 열매가 관상가치가 크다.,천남성과의 여러해살이풀이며 산지의 반그늘지고 습윤한 곳에 자생한다.,한반도 전역,꽃은 5∼7월에 피고 육수꽃차례로 달린다. 불염포는 판통의 길이 8cm 정도이고 녹색이며 윗부분이 모자처럼 앞으로 꼬부라지고 난상 장타원형으로 끝이 뾰족하다. 꽃차례의 부속체는 곤봉형이다.,7월,[7],전국
58,23641,목련,자연에의 사랑,"‘오 내 사랑 목련화야, 그대 내 사랑 목련화야...’, ‘하얀 목련이 필 때면 생각나는 사람...’, ‘목련꽃 그늘아래서 베르테르의 편지를...’ 등등 목련꽃을 좋아하는 마음을 표현한 노래와 시들이 많은걸 보면 동서양 모두 좋아하는 것 같다. 나무위에 피는 연꽃이라 부르는걸 보면 순백의 자태가 고결함마저 느껴진다. 학명 중 ‘kobus'는 ’주먹‘을 나타내는 말로 꽃 피는 모양이 주먹을 쥐었다 펴는 모양을 닮은데서 유래한다.","목련과에 속하는 낙엽성 교목이다. 우리나라에서 목련이라 함은 제주가 자생지인 목련과 북한의 국화인 함박꽃나무(산목련)가 있다. 중부 이남지역의 화단, 공원 및 도로변에 흔히 심겨진 것을 볼 수 있는데, 이것은 자생목련이 아니라 중국에서 들여온 백목련이나 자목련이 대부분이다.","일본; 제주도 숲속 자생, 전국 식재.","양성꽃으로서 3~4월 중순부터 잎이 나오기 전에 피고 지름 10cm정도이며 6개의 꽃잎은 백색(백목련은 9개)이지만 기부는 연한 붉은색이고(백목련도 백색이나 기부에 담홍색은 없음) 향기가 있으며 길이 5~8cm정도로서 6~9개이고 긴 타원형이다. 꽃받침조각은 3개이며 선형이고 길이 1.5~2.5cm,폭 3~4㎜로서 일찍 떨어지며 수술은 30 ~ 40개이고 꽃밥과 수술대 뒷면이 적색이다. 암술의 꽃밥은 붉은 자주색을 띤다. 꽃이 활짝 피어 편평하게 펴져서 산만한 감을 준다. 보통 꽃의 기부에 1개의 어린잎이 붙어 있어(백목련은 없음) 백목련과 구별할 수가 있다.",3~4월,"[3, 4]",제주 전국
60,33608,배나무,환상,‘배꽃 피는 거 보면 벚꽃구경 갈 필요가 없다’라는 말이 있을 정도로 아름답다. ‘이화에 월백하고...’라는 시조에도 나오듯이 그 운치가 한껏 묻어나옴을 느낄 수 있다. 한입 베어 물면 입안가득 고이는 그 향과 시원함의 배 맛 또한 어찌 잊을 수가 있겠는가~,"배는 크게 동양배(일본배, 중국배), 서양배로 나누는데,이 중 우리가 보통 즐겨먹는 것은 동양배이다. 우리나라에서는 삼한시대와 신라의 문헌에 배에 관한 기록이 있고, 고려시대에 배 재배를 장려했다는 기록을 보면 배에 관한 역사는 길다. 장미과의 낙엽활엽수이며 꽃은 4∼5월에 피는데 백색 바탕에 작은 분홍색 무늬들이 들어 있어 아무리 보아도 지루하지 않고 보면 볼수록 꽃의 생김새에 매력을 느낄 수 있다. 우리나라에서 생산된 배는 맛이 좋아 현재 상당량이 외국으로 수출되고 있다. 품종도 옛날에는 장십랑, 신고 중심의 배에서 요즘은 감천배, 영산배...등 맛이 훨씬 뛰어난 품종들이 많이 개발(농촌진흥청 원예연구소)되고 있다. 특히 황금배는 맛과 품질이 뛰어나 수출용 품종으로 많은 각광을 받고 있다.","일본 원산, 전국 식재.","꽃은 5월에 피며 백색이고 양성꽃이며, 총상꽃차례를 이룬다.  꽃차례는 털이 없거나 면모가 있고 꽃은 지름 3cm정도이며 꽃받침조각은 긴 점첨두이고 꽃잎은 난상 원형이며 암술대는 4~5개로서 털이 없다.",5월,[5],전국
62,27668,수양버들,"비애, 추도",한자로 ‘수양’이라는 말은 ‘드리운’이라는 뜻으로 수양버들의 가지는 밑으로 늘어진다. 꽃말에 깃들인 뜻을 보면 물가에 서서 바람따라 흔들리는 가지들이 애처로워 보이기도 한다.,"버드나무과의 낙엽성 교목이다. 개암나무처럼 한 나무에 암꽃과 수꽃이 따로 있는 일가화(一家花) 식물이다. 버드나무에도 종류가 참 많다. 이름만 들어도 정겨운 왕버들, 쪽버들, 능수버들, 용버들, 여우버들, 떡버들.... 수양버들은 원래 개수양버들에서 나온 것으로, 개수양버들은 작은 가지나 줄기들이 황록색을 띠고 있는 반면에 수양버들은 적갈색을 띠고 있다. 대부분의 자생지는 냇가나 산의 계곡 주변처럼 물기가 많은 곳이다.","중국 고유종; 세계 도처에 식재, 우리나라 전국 식재.",꽃은 암수딴그루(간혹 암수한그루)로 4월에 잎과 같이 황록색으로 피고 수꽃차례는 길이 1 ~ 2cm로서 꽃대축에 털이 있으며 포는 타원형이고 길이 1.5mm로서 털이 있고 둔두이다.  꿀샘과 수술이 각각 2개씩이고 수술대에는 털이 있다. 암꽃차례 길이는 1 ~ 2cm로서 포 달걀꼴로 녹색이고  암술머리는 2개이고 오목형이 꿀샘은 1개이다.,4월,[4],전국
63,23961,월계수,불변,"강의 신 페네이오스의 딸인 다프네, 그리스어로 월계수라는 뜻이다. 아폴론에게서 도망치다 나무가 된 다프네를 불쌍히 여겨 늘 변하지 않는 푸르름을 주었고 로마의 장군들이 개선행진할 때 왕관으로 쓰게 했으며, 최근에는 올림픽 우승자에게 월계관을 씌워주기도 한다. 월계수의 속명인 Laurus는 켈트어의 Laur(녹색)에서 생긴 라틴명으로 상록이기 때문에 주어진 이름이다.",지구상에 단 두 종류(속)가 분포하고 있는 녹나무과의 상록교목이다. 원산지는 지중해 연안과 카나리아 섬으로 숲이나 암석 틈에서 자란다.,우리 나라는 경남과 전남에 식재한다.,"꽃은 암수딴그루로서 3-4월에 피며 봄철에 황색 꽃이 잎겨드랑이에 밀생하고 화경은 길이 7mm이다. 꽃덮이는 4개로 깊게 갈라지며 각 열편은 거꿀달걀모양이다. 수술은 8-14(보통 12)개이고 암술대는 짧으며 암술머리는 둥글다.
",3-4월,"[3, 4]",전남 경남
64,37180,자작나무,당신을 기다립니다.,겨울에 불쏘시개로 자작나무 껍질을 쓰면 ‘자작자작’ 소리가 나서 ‘자작나무’라고 했다는 얘기가 있다. 껍질이 흰색인 것은 추운 곳에서 겨울을 나기 위해 지방을 함유하고 있기 때문인 듯 하다. 설원에 죽죽 뻗은 자작나무들을 보면 그 흰빛이 숭고하게까지 느껴진다.,"자작나무과의 낙엽성 교목으로 한국, 일본, 중국이 원산지이다. 자작나무류는 세계적으로 약 60종 정도가 있는데, 우리나라에도 거제수나무, 자작나무, 사스레나무 등 9종 10변종이 자생하고 있다. 자작나무는 수피가 수평으로 잘 벗겨지며 꽃은 4-5월에 피고 열매는 9-10월에 익는데, 열매 양편에 열매보다 큰 날개가 붙어 있는 것이 특징이다.","일본, 중국, 동부 러시아; 평안북도, 함경남북도.","꽃은 암수한그루이며, 4 ~ 5월 초에 피고 수꽃차례는 짙은 붉은 노란색이고, 길이와 폭이 각 3 ~ 5cm × 0.8 ~ 1cm이며, 암꽃차례는 아래로 처진다.       ",4 ~ 5월,"[4, 5]",경남
66,24233,동의나물,"다가올 행복, 금잔",심장모양의 잎을 오므리면 물 깃는 '동이' 처럼 물을 담을수 있다하여 '동이나물'이라는 향명을 가지고 있다. 또 학명의 'Caltha'는 그리스어인 'Cup'에서 나왔다하니 금가루를 뿌려놓은 듯 선명한 노란꽃잎과 함께 가히 금잔이라 할만하다.,미나리아재비과의 여러해살이풀이며 깊은 산골짜기의 습한 곳에 자생한다. 세계적으로 약 10종이 분포하는데 온대지역의 약간 추운 곳에 널리 자생한다. 4 ~ 6월 사이에 진노랑색의 꽃을 피우는데 실은 꽃이라 생각하는 부분은 꽃받침이다. 어린잎이 곰취와 비슷하니 주의한다.,"제주를 제외한 전도에 나며 동시베리아, 아무르, 우수리, 만주, 중국, 일본, 캄차카에 분포한다.",꽃은 4~5월에 황색으로 피며 줄기 끝에 대개 2개씩 달리고 꽃자루는 5~11cm이다. 꽃은 꽃잎이 없고 5~6개의 꽃받침조각으로 되어 있으며 수술은 많다.,4~5월,"[4, 5]",제주
67,41902,회양목,"금욕, 금기","주위에 눈에 뜨일만한 꽃도 없는데 어디서 나는 향기일까? 은은한 향에 이끌려 따라가 보면 새끼손톱만한 작은 잎을 달고 있는 회양목에 이른다. 너무도 흔해서 주의깊게 보지 않았던 키 작은 나무, 꽃조차 잎색과 비슷하여 눈에 잘 띠지 않던 나무이다. 도심의 봄을 향기로 이끌기에 충분한 나무이다.","우리나라에도 자생하는 식물로 석회암 지대에 주로 분포한다. 상록성의 관목으로 자라는 속도가 느리지만 자생지에서는 키가 7m정도까지도 자란다. 잎이 가죽처럼 반질반질거리고 모양이 좋다. 꽃은 4-5월에 피고 열매는 6-7월에 갈색으로 익는다. 비슷한 것으로 잎이 긴 긴잎회양목, 잎줄기에 털이 없는 섬회양목, 그리고 재배종으로 일본 원산인 좀회양목이 있다.","일본 /  평안남도 및 함경남도 이남 전 지역, 제주도, 남해 도서 지역에 분포. 석회암지대. ","꽃은 암수한그루로 3 ~ 4월에 개화하며 연한 황색으로 암수꽃이 몇 개씩 한 군데에 달리고 중앙부에 암꽃이 있고, 수꽃은 1 ~ 4개의 수술이 있으며, 수술대 길이는 5mm로 흰빛이 돌고, 꽃밥은 노란색이며 암꽃은 3개의 암술머리가 있는 삼각형의 씨방이 있다.",3 ~ 4월,"[3, 4]",경남 제주
70,39686,꽃아까시나무,단결,"우리가 주변에서 흔히 볼 수 있는 아카시아나무와는 같은 콩과식물이다. 이 아카시아 나무도 실은 아까시나무라 불러야 옳다. 북한에서는 장미색아카시아나무라 불리니 이름만 들어도 어떤 색의 꽃이 피는지 알 수 있다. 봄 내내 산불 때문에 입산을 통제하는 것이 보통인데, 이 아까시나무들이 꽃을 피우기 시작하면 해제된다. 이 때가 산야의 모든 생명들이 생장이 가장 왕성할 때로 이제 불이난다 해도 번지지 않을만큼 식물들의 몸에 수분이 가득하기 때문이다. ","원산지는 미국남부이며 우리나라에 귀화된지 오래되었다. 5~6월에 연한 홍색으로 피며 가지에 붉은 털과 같은 가시가 밀생한다. 아까시나무는 큰키나무이지만, 꽃아까시나무는 키가 작은 나무이다.","북아메리카 원산, 전국 식재.","꽃은 5 ~ 6월에 피고 분홍색으로 3 ~ 7개씩 새가지 끝에 액생하는 총상꽃차례에 많이 달리며, 작은꽃대는 길고 굳센 적색 털이 밀생한다. 꽃받침은 뒷면이 연한 홍색이고 잔털이 있으며 열편이 뾰족하다. 기꽃잎은 거의 둥글고 미요두이며 날개꽃잎은 원두 이저이고 용골꽃잎은 끝이 위로 굽으며 둔두이다. 암술대는 위로 굽고 암술머리에 털이 밀생한다.",5 ~ 6월,"[5, 6]",전국
71,26035,철쭉,"정열, 명예","철쭉은 종류도 많고 이름도 가지가지다. 우리나라에 자생하는 것으로 진달래, 참꽃나무, 철쭉(일명 개꽃나무) 등이 있다. 서양철쭉들은 아잘레아라고 하는데 유럽에서 개량된 원예종으로 분화용들이 많다. 최근에는 일본에서 개량된 종들도 많으며 사계절 꽃이 피는 사계철쭉도 있다. 오늘의 꽃은 노지 화단에 심을 수 있는 우리 철쭉을 중심으로 소개한다.","자생 철쭉은 연분홍색 꽃을 피우며 동그랗게 모여 난 잎도 예쁘다. 이와 다른 것으로 꽃색이 더 진하고 잎 모양도 다른 산철쭉이 있다. 영산홍이라 알려져 있는 철쭉은 일본에서 원예종으로 개발된 것으로 도로변에 가장 많이 심기고 있다. 해마다 5월이면 한라산, 지리산, 소백산에서 철쭉제가 열린다. 자세히 보면 이들 자생지가 특정 해발(높이)에만 분포하고 있는데 보통 500∼600m정도에 집중적으로 띠를 이루며 분포한다. 진달래과의 낙엽활엽수 관목이다.","중국 요동 남부, 내몽고, 극동러시아; 전국 분포.","꽃은 4월 말 ~ 6월 초에 개화하며, 잎과 더불어 피고 향기가 있으며 꽃부리는 연한 붉은색으로 지름이 5 ~ 8cm이고, 윗부분의 꽃잎은 적갈색 반점이 있고, 깔때기모양이다.",4월 말 ~ 6월,"[4, 5, 6]",전국
73,23999,칠엽수,천재,칠엽수의 다른 이름인 마로니에는 시나 산문 등 문학을 사랑하는 사람들이 즐겨쓰는 용어로 인터넷 동아리도 많이 만들어져 있다. 꽃말이 천재인 것을 보면 문학하는 사람들의 창조력은 자타가 공인해주나 보다. 우리나라에서 이 나무가 잘 심겨진 곳으로는 서울 동숭동에 있는 전 서울대 문리대 교정이 있다. 이곳은 문학을 즐기는 수많은 젊은이들에게 마음의 고향이기도 하다.,"칠엽수는 지구상에 약 15종이 분포하는데, 중앙 및 동부 유럽, 히말라야, 동아시아 및 북미지역의 숲속에 자생한다. 대부분 목본성이지만 덩굴성인 것도 있다. 너도밤나무과에 속한다.","일본, 전국 식재.","원뿔모양꽃차례는 가지 끝에 달리고, 길이와 폭이 각 15 ~ 25cm × 6 ~ 10cm로, 짧은 퍼진 털이 있으며, 꽃은 잡성주로 수꽃에 7개의 수술과, 1개의 퇴화된 암술이 있고, 암수한꽃은 7개의 수술과 1개의 암술이 있다.  꽃받침은 종형으로 불규칙하게 5갈래로 갈라지고 꽃잎은 4개로 갈라지며 6월에 개화한다.",6월,[6],전국
75,32204,해당화,"온화, 원망","옛날 우리 선조들이 논에서 일하며 부른 노래 중에 '메나리'(노동요에 수록)라는 것이 있는데, 여기 가사에 해당화라는 용어가 들어있어 그만큼 역사를 가진 식물로 볼 수 있다. 척박한 모래땅에 뿌리를 박고 멀리 바다를 향해 꽃을 피워내는 모습을 의인화한 시나 노래가 무척이나 많은 걸 보면 해당화는 매력 넘치는 식물이다.","장미과 식물이며 꽃이 홍자색으로 5-7월에 피고 열매는 9월부터 익는다. 전국 바닷가에 자생했으나 개발로 인해 설자리를 점차 잃어가고 있다. 애틋함이 느껴지는 꽃과 향기, 붉게 달리는 열매, 더불어 짙은 주황빛으로 변하는 가을 잎까지 어느 것 하나 버릴 것 없는 식물이다. 열매에는 비타민C가 많아 어느 식물학자는 Sea tomato라고도 불렀다.","중국, 일본, 러시아 사할린, 우수리, 캄차마, 북미 / 함경남북도, 황해도 ~ 충청남도, 강원도 등 해안가에 분포. 우리나라 전역 ",꽃은 5 ~ 7월에 새가지 끝에 피며 지름 6 ~ 9cm로 진한 분홍색이고 꽃받침통은 둥글고 열편은 피침형이며 꽃잎은 넓은 거꿀달걀형으로 끝이 오목하다.,5 ~ 7월,"[5, 6, 7]",강원  경남 충남
76,31416,하늘나리,"길들여지지 않음, 변치 않는 귀여움"," 하늘에 흘러가는 구름을 닮고픈 걸까, 이글거리는 태양을 닮고픈 걸까. 여러 자생 나리들 중에서 진짜 나리는 나야! 라고 소리치는 듯 하다. 당당하게 하늘을 우러러 보는 모습이 때 묻지 않은 산골소녀의 해맑은 모습을 보는 것 같기도 하다.",백합과의 여러해살이 풀이다. 깊은 산 햇빛이 잘 드는 곳에서 자라며 긴 선형의 잎이 어긋나게 달린다. 짙은 주홍빛에 자주색반점이 있는 꽃이 하늘을 향해 핀다.,전국의 산야에서 흔히 자란다.,꽃은 6-7월에 피며 원줄기끝과 가지끝에 곧추 위를 향해 1-5개가 핀다. 화피열편은 6개이고 옆으로 퍼지며 길이 2-5cm로서 거꿀피침모양 둔두이고 짙은 황적색이지만 안쪽에 자주색 반점이 산포한다. 밀구(蜜溝)에 털이 없으며 돌기같은 점이 있고 암술대는 씨방과 길이가 비슷하며 꽃밥은 화피와 색이 같다.,6-7월,"[6, 7]",전국
77,28322,물푸레나무,겸손,물푸레나무에는 푸르름을 간직하는 모든 빛이 들어있는 것 같다. 그 속에는 하늘과 물빛이 녹아있고 파르라니 물들인 스님의 옷자락이 담겨있다. 이름만으로는 여린 듯 가냘픈 표정이지만 수많은 선비들의 회초리가 되어 전념케 했던 강한 내성을 가지고 있다. 한자이름 그대로 물을 푸르게 하는 나무이다(수청목;水靑木). 이 나무의 껍질을 벗겨 물에 담그면 정말 물이 파래진다.,"지구상에 약 65종이 있으며 유럽, 아시아, 아메리카가 주 분포지역이다. 물푸레나무과에 속하며 이 속 식물로 우리나라에는 들메나무, 물푸레나무, 쇠물푸레, 백운쇠물푸레, 미국물푸레, 구주물푸레, 붉은물푸레 등 7종 4변종이 있다. 물푸레나무는 키가 10m까지 자라는 낙엽교목이지만 보통은 관목으로 취급된다. 열매는 단풍나무처럼 날개가 붙어 있는 시과(翅果)로 9월에 익는다.",일본; 전국 분포.,"꽃은 암수딴그루 또는 암수한꽃도 섞여있고 4월 중 ~ 5월 중에 피며, 원뿔모양꽃차례 또는 복총상꽃차례로 새가지의 잎겨드랑이에 달린다. 꽃받침은 4개로 갈라지거나 거의 밋밋하며 털이 없거나 잔털이 있고 수꽃은 2개의 수술과 꽃받침조각이 있으며 암꽃은 2 ~ 4개의 꽃잎과 수술 및 암술이 있고 꽃잎은 거꿀피침모양이다.",4월 중 ~ 5월,"[4, 5]",전국
79,37885,은방울꽃,틀림없이 행복해 집니다.,"향기가 무척 매혹적이어서 '향수화'라는 향명을 가지고 있다. '골짜기의 백합', '5월의 작은 종', '당신의 그림자 풀', '천국의 계단', '요정들의 찻잔' 등 모두가 은방울꽃을 지칭하는 말이니 이 꽃을 본 사람은 누구든지 반하고 말 것이다. ","은방울꽃은 세계적으로 3종이 분포하며, 그 중 한 종이 우리나라와 중국, 일본에 분포하는 은방울꽃이다. 백합과의 여러해살이 풀이며 전국 산야의 반그늘진 곳에 살고 있다. 시원스러운 두장의 잎과 길게 뻗은 꽃대에 달린 꽃망울이 참 예쁘며 가을에 달리는 빨간 열매도 관상가치가 있다.","▶한국, 일본, 중국, 동시베리아에 분포한다.
▶전국 각처의 산지에 분포한다.",꽃은 백색이며 길이 6-8mm로서 종같고 끝이 6개로 갈라져서 뒤로 젖혀진다. 꽃대는 높이 20-35cm로서 잎보다 짧은 초상엽 안쪽에서 나오며 10개 정도의 꽃이 달린 꽃차례는 길이 5-10cm이다. 포는 막질이고 넓은 선형 또는 피침형이며 꽃자루보다 짧거나 같고 꽃자루는 길이 6-12mm로서 굽는다. 수술은 6개이며 꽃부리 밑부분에 붙어 있고 4-5월에 개화한다.,4-5월,"[4, 5]",전국
80,31934,작약,수줍음,사랑하는 님을 따라 꽃이 되어버린 공주의 혼이 어디에 내놓아도 손색이 없는 기품을 가진 꽃이 되었다. 먼저가신 님은 모란이 되었고 그 옆에 남아있게 해달라고 빌어서 작약이 되었다는 이야기가 전해져 온다. 누구나 좋아하는 서양의 꽃이 장미라면 그에 대적할만한 동양의 꽃으로 볼 수 있다.,"원종은 약 30여종이 분포하는데, 주로 유럽, 아시아 동부, 북미 등지의 초원에 자생한다. 미나리아재비과의 여러해살이 풀이며 뿌리가 백색인 것은 백작약, 뿌리가 적색인 것을 적작약이라 한다. 작약은 꽃이 크고 화려해 화훼선진국에서는 원예종으로 많이 개발하고 있으며, 이미 품종으로 나온 것만 해도 무수히 많다.",전국적으로 분포한다.,꽃은 5-6월에 피고 백색 또는 적색이며 원줄기 끝에 큰 꽃이 1송이씩 달리고 꽃받침조각은 5개로서 가장자리가 밋밋하며 녹색이고 끝까지 남아 있다. 꽃잎은 10개 정도로서 거꿀달걀모양이며 길이 5cm정도이고 수술은 많으며 황색이다. 씨방은 3-5개로서 털이 없고 짧은 암술머리가 뒤로 젖혀진다.,5-6월,"[5, 6]",전국
81,30006,용머리,승천,꽃 모양이 이름 그대로 용의 머리를 닮아서 붙여진 이름이다. 힘 있고 기괴한 용의 모습보다는 보는 각도에 따라 해학적인 모습이 담겨져 있는 것 같기도 하다.,꿀풀과의 여러해살이풀로써 전국의 깊은 산 숲속 또는 숲 가장자리에 자생한다. 벌깨덩굴과 닮았으나 용머리의 꽃이 훨씬 더 푸르며 바늘같이 생긴 잎을 가진 점이 다르다.,"일본, 중국 / 한국(함경남도; 평안북도; 강원도 강릉시; 충청북도 단양군) ",꽃은 6-8월에 피며 자주색이고 순형화이며 줄기 끝에서 여러 개가 이삭꽃차례로 달린다. 이삭꽃차례는 길이가 2~5cm 정도로 짧다. 꽃받침은 길이 12-15mm로서 보통 퍼진 털이 있으며 굵은 맥이 도드라지고 거의 중앙까지 불규칙하게 5개로 갈라지며 열편 끝이 바늘처럼 뾰족하고 열편 사이가 도드라진다. 꽃부리는 길이 3-3.5cm로서 양순형이며 꽃밥과 더불어 겉에 털이 있고 판통이 갑자기 굵어지며 상순 끝이 약간 오목하고 하순이 3개로 갈라지며 중앙열편이 가장 크고 자주색 점이 있다.,6-8월,"[6, 7, 8]",강원  경남 충북
82,27000,뻐꾹채,나그네,꽃봉오리 모습이 뻐꾸기 가슴 털을 쏙 빼닮아 뻐꾹채라는 이름을 지녔다고는 하지만 가만히 보면 알에서 깨어난 지 한달쯤 되는 어린 새의 머리를 더 닮았다는 생각이 든다. 요즘은 산에 가도 잘 볼수 없는 식물이 되어 아쉽지만 여러 노력 끝에 관상용으로나마 볼 수 있게 되어 반갑다.,국화과의 여러해살이풀이며 산지의 양지바르고 건조한 땅에서 자생한다. 관모는 솔방울을 닮았고 관모줄기나 잎 모두가 흰털로 덮여 있다.,"▶한국, 중국, 소련, 몽고에 분포한다.
▶전국에 분포한다.","꽃은 6-8월에 피며 지름 6~9cm로서 원줄기 끝에 한 개씩 곧추 달리고 총포는 반구형이며 길이 3cm, 폭 5cm이고 포편은 6줄로 배열되며 외편과 중편은 주걱모양으로서 윗부분이 넓고 뒷면에 털이 약간 있으며 밑부분에 털이 많고 내편은 피침상 선형으로서 끝이 약간 넓다. 꽃부리는 길이 3cm이며 판통의 좁은 부분이 다른 부분보다 짧고 홍자색이다.",6-8월,"[6, 7, 8]",전국
83,41348,산마늘,마음을 편하게 가지세요.,산마늘의 넓적한 잎을 보면 독특한 향의 풍미에 쌈 생각이 절로 난다. 울릉도에서는 '명이나물'이라고 불리는데 오래 전에 그곳 주민들에게는 생명을 이어주는 소중한 먹거리였을 것이다. 일본에서는 수도승이 즐겨먹는다 하여 '행자마늘'이라고도 한다.,"백합과의 여러해살이풀이다. 한국, 중국, 일본 등지에 분포하며 우리나라에서는 높은 산의 숲속에서 자생한다. 쌈 채소로 알려지면서 자생지에서 남획이 우려되고 있는 식물 중의 하나이다.","일본, 중국, 러시아, 몽골 / 한국(강원도 삼척시, 속초시, 양구군, 영월군, 인제군, 정선군, 철원군, 태백시, 평창군, 홍천군; 경상남도 산청군) ",꽃은 5~7월에 피며 높이 40~70cm의 꽃대 끝에 우상모양꽃차례로 달린다. 포는 달걀모양으로 2개로 갈라지고 꽃자루는 길이 1.5~3cm이다. 화피는 긴 타원형으로서 길이 5~6mm이며 6장이다. 수술 및 암술대는 화피보다 길며 꽃밥은 노란빛을 띤 녹색이다. ,5~7월,"[5, 6, 7]",강원  경남
85,26453,노루오줌,쑥스러움,뿌리에서 노루의 오줌냄새가 난다하여 노루오줌이라는 얘기도 있고 노루가 물 마시러 오는 물가에 핀다하여 노루오줌이라는 얘기도 있다. 자연의 섭리를 식물이름에도 반영하신 옛 선조들의 지혜에 그저 감탄할 따름이다.,범의귀과의 여러해살이풀이며 주로 산지의 습한 곳에 자생한다. 멀리서 보면 커다란 한 송이 꽃처럼 보이나 가까이 가보면 오밀조밀 작은 꽃들이 모여 원추모양의 꽃차례를 이루고 있다. 줄기도 꼿꼿하고 밑에서부터 피어오르는 분홍빛의 꽃이 보기가 좋다.,"중국, 일본 쓰시마섬, 러시아 동북부, 인디아 / 전국의 산지에 분포한다.",꽃은 7-8월에 피고 홍자색이며 줄기끝에 원뿔모양꽃차례를 이룬다. 꽃차례는 길이 30cm정도로서 많은 꽃이 달리며 짧은 털이 있다. 꽃받침은 5개로 갈라지고 열편은 달걀모양이며 꽃잎은 5개로서 선형이고 수술은 10개이며 암술대는 2개이다.,7-8월,"[7, 8]",전국
87,29076,패랭이꽃,정절,고려 예종 때 정습명의 시나 김홍도의 그림에서 나타나듯이 패랭이꽃은 오랫동안 우리 곁에 있던 꽃이다. 정원의 화려한 꽃은 아니지만 산기슭이나 들녘에서 강한 생명력으로 순박한 웃음으로 살아가고 있다.,"패랭이꽃은 카네이션의 조상이기도 하다. 카네이션과 같은 석죽과 식물로 이 속 식물은 약 300여 종이 유럽의 남부, 중부, 동부지역과 아시아 북부 등지에 주로 분포하며 미국에도 딱 한 종이 자생한다. 우리나라에는 패랭이꽃, 갯패랭이꽃, 난쟁이패랭이꽃, 술패랭이꽃 등이 있으며 백두산에는 구름패랭이가 자생한다. 원종들은 일년생인 것과 다년생인 것들이 있으며 대부분 상록성이다.","▶한국, 중국, 러시아 극동부에 분포한다.
▶전국의 산야에 자생한다.","꽃은 6-8월에 피며 줄기 끝부분에서 약간의 가지가 갈라져서 그 끝에서 한 개씩 핀다. 꽃받침은 원통형이며 길이가 2cm에 5개로 갈라지고, 그 밑에 작은포는 보통 4개, 꽃받침통과 길이가 같거나 1/2정도 된다. 꽃잎은 5개이고, 기부는 가늘게 길며, 판연 옆으로 퍼지고 가장자리가 얕게 갈라지며 바로 그 밑에 짙은 무늬와 더불어 긴 털이 약간 있다. 수술은 10개, 암술대는 2개이다.",6-8월,"[6, 7, 8]",전국
89,31396,섬말나리,더 이상 고귀할 수 없다.,"울릉도에 가면 '나리분지'가 있는데 오래전에 그곳 사람들이 섬말나리의 비늘줄기를 구황식물로 이용했기 때문에 붙여진 이름인 것 같다. 섬말나리는 일반 나리와는 다른 독특한 꽃색을 지니고 있어 유난히 아름다우며, 신품종을 만드는 유전자원으로 중요한 소재다.",울릉도에서 자생하는 백합과의 여러해살이풀이다. 유사종인 말나리는 줄기 아래쪽에 돌려난 잎이 한 층이지만 섬말나리는 2층 이상이며 무엇보다 꽃색이 확연히 틀리다. 우리나라 울릉도에만 나는 한국 특산식물이며 산림청의 희귀 및 멸종위기식물로 정해져 있다.,중국 / 한국(경상북도 울릉군) ,꽃은 6-7월에 피고 원줄기끝과 가지끝에 1개씩 달려서 4-12개가 밑을 향해 핀다. 화피열편(花被裂片)은 6개이며 두꺼운 피침형 또는 거꿀피침모양이고 길이 3-4cm로서 붉은 빛이 도는 황색이며 안쪽에 검붉은색 반점이 있고 뒤로 말린다. 밀구(蜜溝)에 털이 없고 씨방이 암술대보다 짧다.,6-7월,"[6, 7]",경북
90,23870,꼬리조팝나무,은밀한 사랑,꽃이 활짝 피었을 때 모습이 털이 수북이 덮인 꼬리를 연상케 하는 꽃이다. 화사한 분홍빛의 꽃과 길게 뻗은 수술이 특이하다. 이 나무에는 버드나무와 같은 진통성분(Salicin)이 있다고 한다. 이 때문에 어느 제약회사에서 약 이름을 학명인 Spiraea의 Spir-에서 따와 Aspirin이라고 명명한 적이 있다.,"장미과의 조팝류는 낙엽성 관목류로써 꽤 많은 종들이 분포한다. 멕시코를 포함하여 북미, 아시아, 유럽의 온대지역에서 숲가나 강둑, 초원 등지에 약 80여종이 자생하고 있다. 우리나라에는 총 16종과 여기서 유래된 4종의 변종을 포함하면 20종이 분포하고 있어 국토면적에 비해 비교적 많은 종이 자생하고 있다. 꼬리조팝나무는 자생지에서 흔히 보긴 어려운 식물로, 꽃차례(화서)가 꼬리모양을 이루는 특이한 형태의 조팝나무로 꽃이 진홍 핑크색이다.","일본, 중국, 극동러시아 등 매우 넓게 분포 / 함경북도~ 강원도 남부, 경기도 및 황해도 일부, 제주도를 제외한 전국 분포.","꽃은 지름 5~ 8cm이며 5월 말~ 9월 중순에 줄기 끝에서 큰 원뿔모양꽃차례가 발달하고, 꽃대와 작은꽃대에 털이 많다.  꽃받침통은 거꿀원뿔모양으로, 5개로 갈라지며 각 열편은 달걀꼴 예두이고 꽃잎은 분홍색으로, 거꿀달걀모양의 원형이며 수술은 꽃잎보다 길다.",5월 말~ 9월,"[5, 6, 7, 8, 9]",제주 강원 경기 전국 경북
93,29115,동자꽃,나의 진정을 받아 주세요.,"진한 주홍색 꽃을 한 여름에 피워대는 동자꽃, 스님을 기다리다 얼어죽은 동자를 묻은 곳에서 피어났다는 아픈 전설이 있다. 그래서 그런지 키도 아담하게 작으면서 때묻지 않은 듯한 아름다운 꽃 모양을 하고 있다.","동자꽃은 패랭이랑 같은 석죽과에 속한다. 흔히 도로변에 심기는 우단동자랑 같은 리크니스 속 식물로써 세계적으로 15-20종이 지구 북반구의 초원, 습지, 삼림지대 등지에 분포한다. 우리나라에도 자생하고 있는데, 동자꽃, 털동자꽃, 제비동자꽃, 가는동자꽃의 4종이 있다.","▶한국, 일본, 만주, 시베리아에 분포한다.
▶제주도와 울릉도를 제외한 전국 각지의 산지에서 자란다.","꽃은 7-8월에 피며 직경 4cm정도로서 진한 적색이고 원줄기 끝과 잎겨드랑이에서 꽃자루가 1개씩 자라 그 끝에 한송이씩 핀다. 꽃자루는 짧으며 털이 많고 꽃받침은 긴 통같으며 끝이 5개로 갈라지고 겉에 털이 나 있다. 꽃잎은 5개로 거꿀심장모양이고 밑부분이 길게 뾰족해지며 윗부분이 수평으로 퍼지면서 2개로 갈라지고, 각 열편의 가에는 거치가 있으며 목부분에 소열편이 2개씩 있고 양쪽 가장자리 밑에도 소열편이 1개씩 있으며 수술은 10개, 암술대는 5개이다.",7-8월,"[7, 8]",제주 전국
94,25518,메꽃,서서히 깊숙이 들어가다.,메꽃은 자라는 습성이 덩굴성으로 땅속줄기(地下莖)가 사방으로 길고 깊숙이 뻗어 나가 거기서 순이 나오기 때문에 붙여진 꽃말이 아닌가 싶다. 꽃은 나팔꽃(같은 메꽃과 식물임)처럼 피는데 6-8월에 연한 홍색으로 핀다.,"메꽃도 꽤 종류가 많다. 아무 들에서나 잘 자라는 메꽃, 주로 바닷가 모래밭에서 자라는 갯메꽃, 꽃이나 식물의 사이즈가 작은 애기메꽃, 큰 큰메꽃, 자라는 모양이 덩굴성이 아니라 수직으로 자라는 선메꽃 등이 있다.","일본, 중국에 분포한다.
전국 각지에 야생한다.","꽃은 엷은 홍색으로 6-8월에 피고 잎겨드랑이에 1개씩 달리며 화경이 길고 그 끝에 큰 꽃이 핀다. 꽃받침 밑에 있는 2개의 포는 녹색이고 달걀모양이며 길이 2-2.5cm로서 밑부분이 약간 심장형으로 되고 꽃받침이 5개로 갈라진다. 꽃잎은 깔때기모양이고 길이 5-6cm, 지름 약 5cm이다. 5개의 수술과 1개의 암술이 있으며 꽃핀 후 보통 결실하지 않는다.",6-8월,"[6, 7, 8]",전국
95,25380,미나리아재비,말의 발자국,다섯 개로 갈라진 작은 노란 잎들이 광택한 것처럼 빤질거린다. 특히 햇볕에 반사되는 걸 보면 눈부실 정도로 광채가 난다. 식물 중에 미나리아재비과에 속하는 종만큼 다양한 것도 흔치 않을 것이다. 화단이나 분화용으로 쓰이는 화려한 아네모네도 미나리아재비랑 같은 집안이다. 야생종 가운데 관상용으로는 키가 좀 작은 왜미나리아재비가 좋다.,"우리나라에 분포하고 있는 종만 하더라도 100종이 넘는 대가족이다. 자생화로는 잘 알려진 제비고깔, 금매화, 모란, 동의나물, 바람꽃, 복수초, 꿩의다리 등 헤아릴 수 없이 많은 종들이 미나리아재비과에 속하는 가족들이다. 미나리아재비속에 속하는 식물만 해도 약 400종이나 지구상에 사는데, 주로 온대지역에서 자란다. 우리나라에는 개구리자리, 개구리갓, 젓가락나물, 매화마름 등 약 10종이 주로 습기가 많은 산야에서 자생한다. 일년생 또는 이년생이 것들이 주류를 이룬다.","▶일본, 만주, 중국, 대만에 분포하다.
▶전국 각지에 야생한다.",꽃은 6월에 피며 지름 12-20mm이고 취산상으로 갈라진 꽃자루에 1개씩 달리며 5개의 꽃받침조각은 타원형으로서 겉에 털이 있고 수평으로 퍼지며 안으로 오목해진다. 꽃잎도 5편으로서 꽃받침보다 2-2.5배 길고 도란상 원형이며 밑부분에 소비늘조각이 있고 윤채가 있으며 황색이고 기부에 1개의 꿀샘이 있다. 수술과 암술이 많고 암술대는 거의 없으며 꽃턱은 짧고 털이 없다.,6월,[6],전국
96,30064,부들,거만,물이 정체되어 있는 강변이나 강둑의 습지에서 흔히 볼수 있다. 꽃대 모양이 핫도그처럼 생겨 한번 보면 쉽게 잊어먹지 않는다. 영명의 'Cattail'은 꽃 모양에서 유래된 듯 하다.,"부들과, 부들속에 속하는 식물이다. 속명인 Typha는 그리스어 tiphos(굽은 연못)와 typhein(다 태워 버리다)에서 유래된 것으로 암꽃이 갈색의 화관을 나타내고 있는데서 유래되었다고 한다. 부들류는 온대와 열대지역의 습지에서 약 15종이 살고 있는데, 우리나라에도 화서가 큰 부들과 작은 애기부들 두 종이 자연히 생긴 연못이나 물웅덩이 또는 강 하류에 물이 정체되어 있는 곳에서 흔히 자생한다. ","▶한국, 일본, 중국 등지에 분포한다.
▶전국적으로 분포한다.",꽃은 7월에 피고 웅화수는 윗부분에 달리며 길이는 3~10cm이고 자화수는 바로 밑에 달리며 길이 6~12cm이고 화수에 달린 포는 2~3개로서 일찍 떨어진다. 꽃에는 화피가 없으며 밑부분에 수염같은 털이 있고 수꽃은 황색으로서 화분이 서로 붙지 않는다. 암꽃은 작은포가 없으며 씨방에 대가 있고 암술머리는 주걱 비슷한 피침형으로서 씨방 밑에서 돋은 털과 길이가 비슷하다.,7월,[7],전국
97,32646,분꽃,"소심, 수줍음",어릴 때 시골집 울타리나 담장에서 흔히 보아온 꽃이다. 꽃이 나팔모양을 한 나팔꽃처럼 생겼지만 꽃색은 진한 핑크가 많고 다른 색들도 있다. 꽃이 지고 나면 까만 열매가 영근다.,지구상에 약 50종 정도의 원종이 있는데 대부분 일년생이다. 미국과 아메리카 중남부 지역의 햇볕이 잘 들고 다소 건조한 듯한 곳에서 자생한다.,전국 각지에서 재배하며 중국에서도 재배한다.,"꽃은 6~10월에 피고 홍색, 백색, 황색 또는 여러 가지 색이 뒤섞여 피며 저녁때부터 아침에 걸쳐서 피고 향기가 있다. 취산꽃차례는 가지 끝에 달리며 꽃받침 같은 포는 녹색이고 5개로 갈라지며 꽃잎같은 꽃받침은 나팔꽃을 축소시킨 것같고 끝이 얕게 5개로 갈라진다. 5개의 수술은 밖으로 노출되며 수술대 밑이 반상(盤狀)이고 암술대가 길게 밖으로 나온다.",6~10월,"[6, 7, 8, 9, 10]",전국
98,29371,수국,"냉정, 무정, 거만 ","수국은 토양 산도에 따라 꽃색이 달라져 어린이들 교육용으로도 종종 쓰인다. 하지만 꽃병 용액의 pH를 달리하여 실험한 결과, 큰 차이가 없어 종이나 품종에 따라 차이가 있는 것 같다. ","수국류는 낙엽성 관목류가 대부분으로 세계적으로 약 80 종 이상이 분포하고 있는데, 원산지는 주로 아시아 동부(우리나라 포함), 미국 북부와 남부지역의 숲 속이다. 우리나라에서는 원종들도 부분적으로 이용되고 있으나, 서양에서는 대부분 개량된 품종들이 정원용으로 많이 이용되고 있다. 우리나라에 귀화되었거나 자생종으로 1957년도에 미국에서 들어 왔다는 '미국수국', 흔히 재배되는 꽃이 공처럼 생긴 '수국', 경기 강원지역에서 자생하는 '산수국', 산수국에서 유래된 '탐라산수국', '꽃산수국', '떡잎산수국' 울릉도에서 나는 '등수국', 일본에서 들어 왔다는 '나무수국', 울릉도나 남부 섬에서 나는 '바위수국' 등이 있다.",일본; 전국에 식재.,"꽃은 무성꽃이며 6 ~ 7월에 개화하고,  편평꽃차례는 크고 둥글며 지름 10 ~ 15cm로, 꽃받침조각은 4 ~ 5개이고 꽃잎모양이며 하늘색 또는 연한 붉은색으로 변한다.  암술은 퇴화되어 결실은 하지 못한다.",6 ~ 7월,"[6, 7]",전국
99,27155,딸기,"질투, 시기",예전 도시근교의 딸기밭에 입장료를 내고 들어가면 자기가 먹고 싶은 데로 얼마든지 따먹던 시절이 떠오른다. 노지딸기는 요즘 한창 나오는데 지금은 거의 연중 어느 때나 먹을 수 있도록 재배작형이 세분화되어 있다.,"장미과에 속하는 식물이다. 세계적으로 약 12종이 아시아, 북미 및 칠레지방에 온대지역의 볕이 잘드는 초원에서 자생하고 있다. 우리나라에는 식용인 딸기와 꽃이 희고 고산지대의 숲 근처에서 자라는 흰땃딸기, 이와 비슷하지만 소화경이나 뿌리가 내리는 위치가 다른 땃딸기 등 3종이 분포한다.",전국 각지에서 재배한다.,꽃은 5-6월에 피며 지름 3cm로서 백색이고 꽃대 끝의 취산꽃차례에 5~15송이가 달린다. 꽃받침조각은 5-6개로서 피침형이며 끝이 뾰족하고 녹색이며 부악편은 끝이 뾰족하고 피침형이며 겉에 털이 있고 꽃받침보다 다소 짧다. 꽃잎은 5-6개로서 꽃받침보다 훨씬 길며 수술은 많다.,5-6월,"[5, 6]",전국
100,36151,엉겅퀴,건드리지 마세요,"자신이 건드림 당하는 걸 싫어서가 아니라, 자신을 만지는 사람에게 상처줄까 두려워 붙여진 꽃말 같다. 누군지 꽃말을 참 잘 붙였다. 실제 엉컹퀴는 온 몸에 억센 털들이 많이 나 있어 너무 꽉 쥐면 손바닥에 가시가 박힌다. ","엉겅퀴류도 대가족이다. 지구상에 약 200종이나 사는데, 이년생인 것과 영년생인 것이 있다. 우리나라에도 꽤 많은 종들이 자생하고 있는데, 엉겅퀴와 같은 학렬에 속하는 큰엉겅퀴(덩치가 큰), 도깨비엉겅퀴(원줄기에 홈 파진 줄이 있는), 동래엉겅퀴(동래에 나는), 바늘엉겅퀴(키가 작고 잎끝이 뾰족), 버들잎엉겅퀴(잎의 버드나무 잎 닮은), 흰잎엉겅퀴(잎 뒷면이 흰), 고려엉겅퀴(잎에 큰 결각이 없는), 정영엉겅퀴(지리산 정령치에 나는), 물엉겅퀴(울릉도에 나는)가 있고, 자식뻘로는 좁은잎엉겅퀴, 가시엉겅퀴, 흰가시엉겅퀴 등이 있다. ","우리 나라 전국에 분포하여, 만주, 중국, 우수리에도 분포한다.","꽃은 6-8월에 피며 지름 3-5cm로서 가지 끝과 원줄기 끝에 1개씩 달리고 총포는 둥글며 길이 18-20mm, 지름 25-35mm이고 포편은 7-8줄로 배열되며 겉에서 안으로 약간씩 길어지고 끝이 뾰족한 선형이다. 꽃은 전부 관상화이고 꽃부리는 자주색 또는 적색이며 길이 19-24mm이다.",6-8월,"[6, 7, 8]",전국
101,30985,채송화,가련함,채송화는 어렸을 때 앞마당이나 동네 공터에서 흔히 볼 수 있었던 식물이었지만 지금은 시골에서도 찾아보기 힘들다. 대신 주택 정원의 화단용으로 많이 심기고 있고 아파트 베란다에서 분화용으로 기르고 있다.,"채송화도 종류가 다양하다. 지구상에 약 100여 종이 온대나 열대지방의 모래땅 또는 건조한 곳에서 자생하고 있으며, 우리나라에는 자생하지 않는다.",전국에 분포한다.,"7-10월에 붉은색, 흰색, 노란색 또는 자주색의 꽃이 피며 가지 끝에 한개 때로는 두개 이상씩 달린다. 꽃의 지름은 3cm정도로서 화경이 없으며 밤에는 오므라든다. 꽃받침조각은 두 개로서 넓은 달걀모양이고 막질이며 꽃잎은 다섯개로서 거꿀달걀모양이고 끝은 약간 패어져 있다. 수술은 많고 암술대에는 다섯 내지 아홉 개의 암술머리가 있다.",7-10월,"[7, 8, 9, 10]",전국
103,25682,뽕나무,"지혜, 봉사","이런 말이 있다. '방귀뀌어 뽕나무, 칼로베어 피나무, 입맞춘다 쪽나무, 덜덜떠는 사시나무'. 여러 지방에서 전해 내려오는 정겨운 나무타령이다. 그럼 왜 뽕나무는 방귀뀌는 나무가 되었을까. 뽕나무의 열매(오디)는 맛이 좋은데 이 오디를 많이 먹으면 방귀를 뽕뽕 뀌게 된다. 이 때문에 조상들이 뽕나무라 불렀다고 한다.","뽕나무는 뽕나무과에 속하는 관목류이다. 아프리카, 아시아, 북미지역에 약 10종이 자생하는데 직립형인 것과 수양형인 것이 있다. 우리나라에도 산뽕나무, 뽕나무, 쳐진뽕나무 등 10종이 자생하므로 지구상에 분포하는 것은 대부분 자생한다.","수직적으로 표고 100~1,100m, 수평적으로 거의 전국에 식재.",꽃은 암수딴그루로 5월에 피고 수꽃차례은 새가지 밑부분의 잎겨드랑이에서 밑으로 처지는 꼬리모양꽃차례에 달리며 긴 타원형이다. 암꽃차례는 길이 5~10mm이고 넓은 타원형이며 암꽃은 4개이고 암술대는 거의 없으며 암술머리는 2개이고 길이2mm이며 씨방은 털이 없다.,5월,[5],전국
105,39852,말발도리,애교,초여름 산행 길에 바위에 붙어 하얗게 꽃 피운 것들과 종종 만난다. 말발도리 종류들이다. 말발도리는 꽃이 진뒤 달리는 열매가 말발굽에 끼는 편자처럼 생겼다 하여 붙여진 이름이다. 이름도 당차지만 실제 꽃이 만개했을 때 보면 참 아름답다. 가지가 바람에 날리면 꽃들이 애교를 떠는 듯 사랑스럽다. 말발도리랑 형제뻘 되는 만첩빈도리(꽃이 겹꽃으로 꽃잎이 다닥다닥 붙음)는 가지를 시원스럽게 아래로 늘어뜨려 꽃을 피운다.,"말발도리는 범의귀과에 속하는 낙엽관목이다. 세계적으로 60종이 분포하는데, 히말라야로부터 아시아 동부에 이르기까지 자생하고 있다. 우리나라에는 빈도리, 만첩빈도리, 애기말발도리, 둥근잎말발도리, 말발도리, 물참대, 바위말발도리, 매화말발도리 등 10여 종(변종)이 자생한다. ",중국; 전국적으로 분포하지만 대부분 백두대간에 분포.,"꽃은 5월 중순 ~ 6월 중순에 피고, 지름 10 ~ 12mm정도로서 백색이며 성모가 있고 편평꽃차례에 달리며 꽃받침은 통형이고 끝이 5개로 갈라지며 꽃잎도 5개로 갈라진다. 수술은 10개이고 수술대는 거의 톱니가 없으며 암술대는 3개이고 밀선반에 성모가 있다.",5월 중순 ~ 6월,"[5, 6]",전국
110,34579,닭의장풀,시샘,"이름이 특이해 한번 들으면 잘 잊혀지지 않는다. 시골의 닭장근처에서 잘 자라는데다 꽃이 닭벼슬을 닮아 붙여진 이름이다. 달개비, 닭의꼬꼬, 닭의밑씻개, 닭개비, 닭이장풀 등 다양한 이름으로 불린다. 전국 어디서나 좀 습한 곳이면 눈에 띠기 때문에 귀한 대접을 못 받지만 꽃을 들여다보면 참 아름답다. 한 여름에 피는 꽃으로 꽃은 하루밖에 피어있지 못하며 참 가련해 보인다.","대표적인 일년생 풀로써 닭의장풀과에 속하며 전 세계에 100종류가 분포한다. 우리나라에는 키가 좀 작은 좀닭의장풀, 꽃이 흰색인 흰꽃좀닭의장풀이 종종 발견된다.","▶일본, 사할린, 우수리, 만주 중국에 분포한다.
▶전국 각처에 분포한다.",꽃은 7-8월에 피고 잎겨드랑이에서 나온 꽃대 끝의 포로 싸여 하늘색 꽃이 핀다. 포는 넓은 심장형이며 안으로 접히고 끝이 갑자기 뾰족해지며 길이 2cm로서 겉에 털이 없거나 있다. 외꽃덮이 3개는 무색이고 막질이며 안쪽 3개 중 위쪽의 2개는 둥글고 하늘색이며 지름 6mm이지만 다른 1개는 작고 무색이다. 2개의 수술과 꽃밥이 없는 4개의 수술이 있다.,7-8월,"[7, 8]",전국
111,29426,댑싸리,고백,"사실 꽃이라 부르기엔 꽃은 볼품이 없다. 잎겨드랑이에서 연한 녹색의 작은 꽃들이 이삭모양으로 모여달리기 때문이다. 원래 뜰에 심었던 것이 퍼져나간 것으로 기록되어 있다. 키는 1m정도까지 자라는데, 반듯하게 크며 가지가 많이 갈라지고 윗부분에 털이 있다. 답싸리, 비싸리, 공장이, 대싸리 등의 다른 이름이 있다.","명아주과에 속하는 식물로 중국, 러시아, 몽골, 일본에 나는 온대성 식물로 우리나라에는 2종이 자생한다. 줄기가 곧지 않고 구불구불하게 자라는 갯댑싸리는 강이나 바닷가의 모래땅에 흔히 자란다.","▶유럽, 남아시아, 중국 등지에 분포한다.
▶전국 각지에서 재배한다.",꽃은 7-8월 개화. 암수딴그루로 2-3송이씩 액출하며 꽃이 잘고 화경과 꽃잎이 없다. 꽃밑에 잎같은 포가 있고 윗부분의 잎은 흔히 포처럼 작아지기 때문에 전체가 이삭꽃차례로 되기도 한다. 양성꽃과 암꽃이 있으며 꽃받침은 5조각으로 갈라지고 꽃이 핀다음 자라서 열매를 둘러싸며 뒷면에서 날개 같은 돌기가 발달한다. 수술은 5개로 길게 꽃밖으로 나오며 꽃밥은 황색이고 씨방은 원반모양이며 끝부분의 암술대가 2개로 갈라진다.,7-8월,"[7, 8]",전국
113,29658,디기탈리스,"열애, 불성실, 화려",긴 종모양의 꽃이 여우장갑처럼 생겼다 하여 foxglove란 영명을 갖고 있다. 초여름 식물원에 가면 반 그늘진 곳에서 길쭉한 키에 주머니 모양의 꽃들을 차례로 매달고 반겨주는 꽃이기도 하다. 꽃잎에 작은 반점들도 있어 특이해 보이며 이 꽃을 별로 좋아하지 않는 사람도 있다. 꽃이 화려하며 열정적으로 피어나 꽃말과 잘 어울리는 듯 싶다. 우리나라 자생종은 아니다. ,"디기탈리스는 지구상에 약 22종이 있는데, 유럽, 아프리카 동북부, 중앙아시아 지역에 주로 분포한다. 현삼과에 속하며 학명에 손가락 모양으로 피는 보라색 꽃이란 의미가 들어있다. 이년생인 것들이 많고 영년생인 것들도 있다. 주요 원산지는 중동지역으로 우리나라에서 기르는 것들은 대부분 개량된 원예품종들이다. 꽃이 보라색인 것들이 많지만 종종 분홍색이나 흰색, 노란색 품종도 있다.",전국에 재배한다.,꽃은 7-8월에 피고 원줄기 끝에서 수상으로 발달하며 밑부분에서부터 피어 올라가고 꽃받침은 5개로 갈라지며 열편은 난상 피침형으로서 예두이다. 꽃부리는 홍자색이고 짙은 반점이 있으며 종형이지만 가장자리가 다소 순형으로 된다. 2강수술이 있고 암술머리는 2갈래로 갈라진다.,7-8월,"[7, 8]",전국
114,31394,참나리,기개,"하늘나리, 땅나리, 중나리..., 이 땅에 자생하는 여러 나리 중에서 진짜 나리라는 뜻으로 붙여진 참나리, 그래서 그런지 나리 중 생장이 우수하고 기골도 장대하다. 참나리는 키도 크지만 꽃도 크고 아름다워 여름철 정원용으로 매우 우수한 식물이다.","나리류(Lilium 속)는 북반구의 아열대(산간지)부터 아한대에 걸쳐 96종(아시아 59종, 북미 25종, 유럽 12종)이 자생한다. 일본에는 관상가치가 높은 7종을 포함하여 15종이 있고 세계적인 유전자 원산지이기도 하다. 중국, 한국, 시베리아지역에도 관상가치가 높은 것이 많고 화훼로 중요한 나리는 모두 이 지역에 분포한다. 우리나라에는 참나리, 중나리, 하늘나리, 날개하늘나리, 솔나리, 땅나리, 털중나리, 섬말나리, 말나리, 하늘말나리 등 10종이 자생한다.",거의 전국적으로 분포한다.,꽃은 7-8월에 피고 가지끝과 원줄기끝에 4-20개가 밑을 향해 달린다. 화피열편(花被裂片)은 피침형 또는 넓은 피침형이며 길이 7-10㎝로서 짙은 황적색 바탕에 흑자색 반점이 산포하고 뒤로 말린다. 밀구(蜜溝)에 짧은 털이 있으며 6개의 수술과 암술이 꽃 밖으로 길게 나오고 암술대는 길며 꽃밥은 짙은 적갈색이다.,7-8월,"[7, 8]",전국
116,31548,무궁화,"은근, 끈기, 섬세한 아름다움","나라꽃 무궁화다. 꽃색은 순백색인 것부터 단심, 분홍단심, 홍단심 등 다양하며 복색인 것도 있다. 꽃도 단아한 홑꽃부터 겹꽃, 반겹꽃 등 변이도 많다. 여름내내 꽃을 피운다. 사실 여름철 꽃을 관상할 수 있는 화목류로써 무궁화만한 것도 드물다. 꽃 하나는 수명이 짧지만 꽃대가 계속 나와 두세달 꽃이 계속 핀다. 여름이면 길가에 큰 꽃이 피는 부용이나, 미국부용, 하와이무궁화 등이 모두 히비스커스에 속한다.","무궁화를 서양에서는 히비스커스라 하는데 여기에 속하는 식물도 무척 다양하다. 약 200 종 이상이 온대, 열대, 아열대 지역의 강 주변이나 암석 사이에서 집중적으로 분포한다. 안타깝게도 우리나라에는 자생하고 있는지가 명확치 않은 실정이다.",평남 및 강원도 이남에서 식재.,"꽃은 8 ~ 9월에 피며 1개씩 달리고, 지름 6 ~ 10cm로 보통 분홍색 내부에 짙은 붉은색이 돌고, 꽃받침조각은 달걀상 피침형으로 별모양 털이 있고, 외부에 꽃받침보다 짧은 선상의 바깥 꽃받침이 있다. 꽃잎은 거꿀달걀형으로, 5개가 밑부분에서 서로 붙고, 수술은 한몸수술이며 암술대가 수술통 중앙부를 뚫고 나온다.",8 ~ 9월,"[8, 9]",강원
117,24984,미나리,성의,우리나라 사람들의 식성에 잘 맞아 즐겨먹는 채소다. 데쳐서 나물은 물론 매운탕이나 다른 요리에 넣어 먹으며 아삭아삭한 맛은 자꾸 손이 가게 한다. 식용도 있지만 잎에 무늬가 들어있는 관상용 미나리도 있으며 실내외 수생정원에 잘 어울린다. 꽃이 한 여름에 피는데 흰색으로 모여 핀다. ,"미나리류는 약 30여종이 북반구, 남아프리카, 호주의 습지에 분포한다. 우리나라에는 돌미나리(멧미나리)가 자생하며 습지나 논 등 물가에서 재배되고 있다. 관상용으로 실내정원에 흔히 이용되는 것으로 잎에 무늬가 들어있는 '플라밍고'라는 품종이 있다. ","▶일본 오키나와, 대만, 중국, 말레이지아, 인도에 분포한다.
▶제주, 전남(지리산), 전북(덕유산), 경북, 충남, 충북, 강원, 평북, 함남, 함북에 야생한다. 또한 흔히 논밭에서 재배한다.",겹우산모양꽃차례는 7-9월에 원줄기 끝부근에서 잎과 마주나기하며 5-15개의 소산경으로 갈라지고 각각 10-25개의 백색꽃이 달리며 꽃잎은 5개이다. 총포는 없거나 1~2개이며 소총포는 6개 정도로서 선형이며 길이 2mm정도이고 꽃자루는 길이 2-5mm이며 5개의 수술이 있고 씨방은 하위이다.,7-9월,"[7, 8, 9]",제주 전북 강원 충남 전남 경북 충북
119,24821,만병초,"위엄, 존엄",한 여름이면 백두산 천지 주변에 노랑만병초가 바닥에 착 붙어 지천으로 피어난다. 몇해전 요맘때 가보았으니 지금이 한창일 것 같다. 만병초는 노랑만병초와 달리 키가 4m까지 자란다. 지리산이나 울릉도 성인봉에서 흔히 찾아볼 수 있다.,"Rhododenron속에 속하는 식물은 대가족이다. 지구상에 약 500&amp;amp;sim;900종이 있는데, 유럽, 호주, 북미, 아시아(주로 중국 남동부), 티벳, 버마, 뉴기니아 등 열대부터 온대에 이르기까지 고루 분포한다. 우리나라에는 만병초, 백두산에 나는 노랑만병초, 황산차, 상록성인 꼬리진달래(참꽃나무겨우살이), 제주도와 금강산에 나는 산진달래, 전국 산야에서 가장 흔히 볼 수 있는 &amp;amp;quot;진달래(종류가 많음, 흰진달래, 털진달래, 왕진달래, 반들진달래, 한라산진달래)&amp;amp;quot;, 그 외 흰참꽃, 산철쭉, 참꽃나무(여기서 유래된 털참꽃나무), 철쭉꽃(여기서 유래된 흰참꽃), 좀참꽃 등 18 종이 자생하고 있다. 이처럼 철쭉류도 우리 땅에만 20종 가까이나 자생하고 있음에도 불구하고 현재 이용되고 있는 종들이 대부분 일본에서 개량된 것임을 생각하면 많은 것을 시사해준다. 특히 지금 거의 모든 조경공사에 기본적으로 철쭉류가 들어간다는 것을 생각해보면 하루빨리 개발해야할 우리 식물 중의 하나이다.","일본; 함경남북도, 평안북도, 강원도 및 전라남도 지리산 백두대간 및 울릉도.","꽃은 5 ~ 6월에 개화하며 10 ~ 20개가 가지 끝에 달리고, 꽃부리는 깔때기모양이며 흰색 또는 연한 분홍이고 안쪽 윗면에 녹색 반점이 있다.  꽃받침은 짧고 5갈래로 갈라지며, 수술은 10개로 길이가 서로 다르고, 꽃대에 털이 있다.",5 ~ 6월,"[5, 6]",강원 전남 경남
124,27061,우엉,인격자,"꽃 모양이 특이해 종종 눈길을 끄는 식물이다. 주로 밭에서 뿌리를 식용하기 위해 기르는 채소다. 얼른 보면 꽃이 엉겅퀴를 닮은 것처럼 보이지만 진한 자주빛이 돌며 잎 모양도 전혀 다르다. 한자명은 牛蒡, 越年草이다.","원산지는 지중해 연안으로부터 서부아시아에 이르는 지대로 유럽, 시베리아, 중국동북부에 6종이 분포한다. 우리나라에는 중국에서 들어온 것으로 추정하고 있으며 전국적으로 상당히 재배되고 있다. 품종으로는 뿌리가 길고 굵은 '농야천'과 육질이 좋고 뿌리가 짧은 '사천' 등이 있다.","귀화식물(歸化植物)이며, 전국 각지에서 재배한다.","꽃은 7월에 피며 머리모양꽃차례는 원줄기와 가지 끝에 산방상을 달리고  총포는 구형(球形)이며, 포편은 침형이고 끝이 갈고리모양이다. 꽃은 통상화뿐이며 검은 자줏빛이 돌고 잔꽃이 5갈래로 갈라지며 관모는 단형으로 강경(剛硬)하고 갈색이다.",7월,[7],전국
125,30654,해오라비난초,꿈에서라도 만나고 싶다.,야생화 작품사진에 가장 많이 등장하는 꽃이 아닌가 싶다. 한 여름 피는 꽃 모양이 영락없는 한 마리의 새를 닮았다. 꽃말처럼 이런 정도의 아름다움이라면 꿈에서라도 만나고 싶다.,"해오라비난초는 난초과에 속하며 지구상에 약 500∼600여종이 분포하는데, 주로 북아메리카, 아프리카, 아시아의 열대나 온대지역 초원에서 자생한다.","일본 / 한국(경기도 수원시; 강원도 양구군, 정선군, 홍천군; 경상북도 상주시; 경상남도 산청군) ",꽃은 7~8월애 피며 지름 3cm 정도로서 1-2개가 원줄기 끝에 달리고 백색이다. 꽃받침조각은 좁은 달걀모양이며 꽃받침조각보다 크고 길이 10-13mm로서 꽃받침과 더불어 투구 모양이다. 입술모양꽃부리는 3개로 갈라지며 중앙열편은 선형이고 측열편의 가장자리가 다시 잘게 갈라지며 거(距)는 길이 4cm정도이다.,7~8월,"[7, 8]",강원 경남 경기 경북
126,35292,토끼풀,"희망이 이뤄짐, 행운","행운을 가져다 준다는 네잎크로버, 잔디밭에서는 골치아픈 존재지만 사람들에게 희망, 행운 등 긍정적인 의미를 주는 식물이다.","크로버는 영명이고 우리말로는 토끼풀이다. 토끼풀류는 우리나라에 붉은토끼풀, 달구지풀, 토끼풀의 세 종류가 있는데, 달구지풀을 빼곤 우리 자생종은 아니고 유럽 원산으로 우리나라에 귀화된 것들이다.","▶거의 세계적으로 널이 재배되고 있다.
▶전국 각지 잔디밭이나 하천 고수부지,정원 등 일조 조건이 좋은 곳에 널리 자라고 있다.",머리모양꽃차례에 많은 꽃이 산형으로 달리며 화경은 길이 20-30cm이고 꽃은 6-7월에 피며 길이 9mm정도로서 백색이고 기꽃잎이 떨어지지 않고 갈색으로 말라서 열매를 둘러싼다.,6-7월,"[6, 7]",전국
127,31562,접시꽃,"풍요, 대망","접시꽃 하면 도종환님의 '접시꽃 당신'이 생각난다. 줄기나 잎에 비해 꽃이 아주 크고 활짝핀 모습도 참으로 아름답다. 꽃도 빨간색, 흰색 등 다양하며 시골 길가에서 쉽게 군락을 이루며 자라는 모습을 볼 수 있다.",아욱과에 속하는 식물로 중국 원산이지만 세계적으로 약 12종이 자생하고 있다. 유럽 서부나 중앙 아시아지역의 다소 습한 곳에 흔히 분포한다. 꽃 모양이 여러가지지만 현재 우리 주변에서 흔히 볼수 있는 것은 큰 접시꽃이다.,전국 각처,"6월경에 잎겨드랑이에서 짧은 화경이 있는 꽃이 피기 시작하여 위로 올라가며 끝에서 긴 꽃차례로 되고 작은포는 7~8개가 밑부분에서 서로 붙어 있으며 녹색이다. 꽃받침은 5개로 갈라지고 꽃잎도 5개가 기왓장처럼 겹쳐지며 나선상으로 말리고 종형(鐘形)으로 윗면은 개출(開出)하고 홍색, 짙은 담홍색, 백자색 등 여러 가지 색을  갖는다. 한몸수술의 꽃밥이 밀집되어 있고 암술대는 1개이지만 끝에서 여러 개로 갈라지고 접시같은 열매가 달린다. 꽃을 촉규화(蜀葵花)라 한다.",6월,[6],전국
128,29286,상사화,"기대, 순결한 사랑","상사화, 잎과 꽃이 만날 수 없으니 서로 생각만 한다는 꽃(想思花)이다. 잎이 완전히 없어진 뒤 꽃이 나오니 이런 이름이 붙었겠지만 사실 야생화 중에는 꽃과 잎이 서로 보지 못하는 것들이 많다. 산수유, 깽깽이풀, 노루귀... 등 이른 봄에 피는 많은 야생화들이 꽃이 지고나서 잎이 본격적으로 나온다.","상사화류는 한, 중, 일에만 나는 동아시아 특산식물이다. 우리나라에는 주로 남부지역에 자생하며 총 11종이 있다. 봄에 잎이 먼저 나오는 춘기출엽형(상사화, 백양꽃)과 가을에 잎이 나오는 추기출엽형(꽃무릇, 개상사화)이 있다.",제주도를 포함한 중부 이남에 분포하며 재배하고 있다.,8월에 꽃대가 나와 길이 60㎝정도 자라며 끝에 4-8개의 꽃이 달린 우상모양꽃차례가 발달한다. 총포는 길이 2-4㎝로서 넓은 피침형이고 꽃자루는 길이 1-2㎝이며 꽃은 길이 9-10cm이고 판통은 길이 2.5cm로서 연한 홍자색이다. 화피열편은 6개이며 폭 15mm로서 비스듬히 퍼지고 수술은 6개이며 꽃밖으로 나오지 않는다. 씨방은 하위이고 3실이며 열매를 맺지 못한다.,8월,[8],제주
132,27951,마타리,미인,키도 크지만 군락을 이루며 노랗게 피워대는 모습이 바람이라도 일면 황금물결이 된다. 여름과 가을을 이어주는 꽃이 아닐까 싶다. 정원이나 숲 길가에 심어 관상한다면 중간에 한번 줄기를 잘라주면 꽃피는 기간이 훨씬 길어진다. 왜 마타리라는 이름이 붙었는지 명쾌하게 알려져 있지 않다. 꽃말을 보면 옛날 영화에 나오는 여간첩 마타하리를 연상케 한다.,"마타리과에 속하는 여러해살이 풀이다. 약 15종이 시베리아, 중국, 한국, 일본에서 자생한다. 우리 자생종으로 키가 작은 돌마타리, 금마타리, 뚝갈 등이 있다.","한국, 일본, 중국, 소련 등지에 분포한다.
전국의 산야 양지에 자생한다.","꽃은 7-8월에 피며 황색이고 가지 끝과 원줄기 끝에 산방상으로 달리며 화서분지의 한쪽에 돌기 같은 흰털이 있다. 꽃부리는 황색이고 지름 3-4mm로서 5개로 갈라지며 판통이 짧고, 4개의 수술과 1개의 암술이 있으며, 씨방은 하위이고 3실로서 그 중 1실만이 종자를 맺는다.",7-8월,"[7, 8]",전국
133,32715,돌가시나무,하얀 미소,바닷가나 산자락 아래 평지에서 여름이면 바닥에 하얗게 깔리면서 피는 꽃이다. 찔레랑 형제간 사이라 꽃 모양이 비슷해 보이지만 자세히 보면 많이 다르다.,"반상록성의 덩굴성으로 장미과에 속한다. 우리나라, 일본, 중국 남부, 대만 등 아열대 지역에 자생한다.","제주, 전남북, 함남북에 나며 일본, 대만, 중국에 분포한다.","꽃은 5~6월에 백색으로 피고 향기가 있으며 가지 끝에 1~5개씩 달리고 화경에 샘털이 있다. 꽃받침조각은 피침형, 꽃잎은 도란상 원형으로 끝이 오목하다.",5~6월,"[5, 6]",전남 제주
134,26923,도라지,"성실, 품위","우리 흘러간 노래에 '♬~심심산천에 백도라지♪~'라고 했는데, 그리 깊지 않은 산야에서 흔히 볼수 있고 깊은 계곡보다는 햇볕이 다소 드는 곳에서 잘 자라는 것을 보면 옛날 작사가들의 허풍이 상당히 센 것 같다.","도라지는 초롱꽃과에 속하는 식물로 지구상에는 아시아 동부지역인 우리나라, 일본, 중국 등지에 단 한 종밖에 없는 식물이며 여기서 유래된 변이종들이 몇 가지 있다. 최근에는 분화용 품종이 개발되어 있다. '센티멘탈블루'라는 품종으로 키는 10cm 정도로 왜성인데 꽃은 보통 도라지와 크기가 같으며 포기당 4-5개가 피어 분화용은 물론 화단용으로도 좋다.","한국, 중국, 일본에 분포한다.
전국의 산지에서 자란다.","꽃은 7-8월에 피고 하늘색 또는 백색이며 원줄기 끝에 1개 또는 여러개가 위를 향해 달린다. 꽃받침은 5개로 갈라지고 열편은 길이 0.5-5mm로서 삼각상 피침형이며 꽃부리는 끝이 퍼진 종형이고 지름 4-5cm로서 끝이 5개로 갈라지며 갈라진 끝은 삼각형이다. 씨방하위에 웅애 선숙화로 끝에서 종자를 맺는다. 씨방은 5실이며, 5개의 수술과 1개의 암술이 있고 암술대는 끝이 5개로 갈라진다.",7-8월,"[7, 8]",전국
135,30302,밤나무,공평,밤꽃 향기는 어릴 적엔 잘 모르다가 어른이 되면 알수있는 향이다. 향이 워낙 독특해서 주변에 있으면 쉽게 알수 있다. 갈색으로 밤이 토실토실 잘 익어 쫘~악 벌어진 밤송이를 생각하면 이젠 가을도 머지않은 것 같다.,"밤나무는 참나무과에 속하는 낙엽성 교목으로 우리 산야에 흔히 자생한다. 밤나무도 지구상에 그리 흔한 대가족은 아니다. 북아메리카, 유럽, 북아프리카, 아시아 등지의 온대지방에 12종만이 분포하고 있는데, 우리나라에는 키가 20m까지 자라는 약밤나무(밤나무보다 허리가 날씬하며 키가 더 큼, 이용가치는 밤나무보다 적음)와 흔히 재배되는 밤나무 이 두 종이 자생하고 있다.","▶전국적으로 자란다. 
▶섭씨 12도의 등온선을 중심으로 하여 난대중부에서 온대 북부 이외에 남미, 호주 등지에 분포하고, 일본과 만주에도 분포한다.
▶세계의 주요 생산지는 한국, 일본, 중국, 북미, 유럽, 중동아시아, 이태리, 프랑스, 스페인, 포르투칼, 그리이스이다. 
▶전국의 표고 100~1,100m에서 자란다. 
▶부여, 공주 등 충남지역과 하동, 산청, 광양, 순창, 임실 등 남부지역에서 많이 재배된다.",꽃은 암수한그루로서 백색이며 6월에 피고 새가지 밑부분의 잎겨드랑이에서 곧추 자라는 꼬리모양꽃차례에 많이 달린다. 수꽃차례는 유백색이고 암꽃은 보통 3개씩 한군데에 모여달리고 포로 싸인다.,6월,[6],충남 전국
136,32603,바위솔,가사 근면,한 여름 적당히 살이 오른 바위솔 잎을 보면 마음이 넉넉해진다. 원래 다육식물이라 가뭄에 잘견뎌 암석정원은 물론 옥상 등 이용범위가 넓다. 지붕이나 울타리의 기와 위에서 잘 사니 '와송'이라고도 부른다.,"돌나물과 식물이다. 유사종인 둥근바위솔은 주로 해안가에 많이 분포하며, 애기바위솔과 난장이바위솔은 깊은 산속 바위 겉에, 바위연꽃(연화바위솔)은 해안가 절벽에서 자생한다.","▶일본, 만주에 분포한다.
▶전국 각지에 야생한다.",꽃은 9월에 피고 백색이며 총상꽃차례는 길이 6-15cm로서 꽃자루가 없는 꽃이 밀착하고 포는 피침형이며 예두이다. 꽃받침조각은 5개로서 피침형이고 연한 녹색이며 꽃잎도 5개로서 피침형 예두이고 길이 6mm정도이다. 수술은 10개이며 꽃잎보다 길고 씨방은 5개이며 꽃밥은 적색이지만 점차 흑색으로 된다.,9월,[9],전국
137,40319,봉선화,나를 건드리지 마세요.,"봉선화 하면 어릴 적 여자 애들의 손톱 물들이기가 떠오른다. 분홍색, 붉은색, 흰색의 꽃 모양이 아름다워 화단용으로 훌륭하지만 용도가 참 다양한 식물이다. 꽃말은 꼬투리를 살짝 건드리기만 해도 씨앗들이 터져 나가기 때문에 붙여진듯 하다.","봉선화류는 세계적으로 약 850종 정도가 분포하는 대가족식물로써 일년생, 상록다년생, 덩굴성인 것들도 있다. 열대나 아온대지역의 습지, 호수, 강 주변 등 물기가 많은 곳에 분포한다. 우리 재래종은 그냥 봉선화를 말하며 홑꽃이다. 흔히 분화나 화단용으로 쓰이는 것은 아프리칸봉선화다. 우리나라 자생종으로 물봉선, 노랑불봉선, 흰물봉선 등이 있다.","▶세계 각국에 널리 분포한다.
▶전국 각지에 분포한다.","꽃은 홍색, 백색, 또는 자색 등 여러가지 색으로 7~8월에 피고 꽃이 하나 또는 수 개가 모여서 액생(腋生)한다. 화경이 있고 엽축이 있어 밑으로 처지며 좌우로 넓은 꽃잎이 퍼져 있고 뒤에서 통상으로 된 거가 밑으로 굽으며 수술은 5개이고 꽃밥은 서로 연결되어 있으며 씨방에 털이 있다.",7~8월,"[7, 8]",전국
140,31426,땅나리,"발랄, 열정","우리 자생나리 이름을 보면 참 재미있다. 꽃이 하늘을 보면 하늘나리, 땅을 보면 땅나리, 가운데를 보면 중나리, 나리 중에서 진짜 나리는 나라는 참나리..., 오늘의 꽃은 바로 땅나리다. 얼마 전 대부도 자생지에서 보니 줄기는 가늘어서 몸을 지탱하기도 어려워 옆에 있는 묵은 포기의 줄기를 감고 올라가는데 꽃은 왜 그렇게 땅만 바로 보는지 정말 목이 빠질 것 같아 많이 안쓰럽다.","우리나라에 17종이 자생하고 있는데, 세계적으로 약 100여 종이 분포한다. 비교적 소가족이지만 꽃 모양이 좋고 향기가 좋아 나리만큼 품종이 많이 개발된 것도 드물다. 우리 자생나리로 중요한 것은 앞서 설명한 것 이외에도 백두산에서 자생하는 날개하늘나리, 큰솔나리, 키가 작지만 꽃이 분홍인 솔나리 등이 있다.","일본, 중국, 대만 / 한국(전라남도; 제주도) ",꽃은 7월에 피며 윗부분의 가지끝과 원줄기끝에 1-8개의 꽃이 밑을 향해 달린다. 화피열편(花被裂片)은 6개로서 황적색이고 안쪽에 뚜렷하지 않은 자주색 반점이 있으며 길이 3-4cm로서 거꿀피침모양이고 뒤로 거의 완전히 말린다. 밀구(蜜溝) 양쪽에 털이 약간 있으며 6개의 수술과 1개의 암술이 길게 꽃 밖으로 나오고 꽃밥은 붉은 빛이 돌며 암술대가 씨방보다 짧다.,7월,[7],전남 제주
141,29123,진노랑상사화,내리사랑,상사화류는 꽃도 아름답지만 꽃대가 곧게 뻗어 꽃꽂이용으로 많이 쓰인다. 한 여름에 피는 꽃으로 나리도 있지만 개상사화만큼 크고 아름다운 것도 드물다.,"수선화과에 속하는 상사화, 꽃무릇은 원래 중국이 원산이다. 우리나라 자생종은 백양꽃(한국 특산종)이나 개상사화, 진노랑상사화 등이다. 국내 어느 대학에서 우리 자생종과 외국종들을 교배하여 새 품종을 육성 발표한 적도 있다.","한국(전라북도 고창군, 부안군, 정읍시; 전라남도 장성군) ",꽃은 진한 노란색으로 4∼7송이가 피며 6장의 화피조각이 있다. 이 화피조각은 뒤쪽으로 반 정도로 젖혀지고 화피 가장자리는 깊은 파도처럼 구불거린다. 잎이 변형된 포는 주걱 모양이고 2개이다. 수술대와 암술대는 모두 노란색이다.잎이 다 쓰러진 뒤 7월 말에서 8월 초가 되어야 길이 40∼70cm의 꽃대가 나온다. 꽃대는 녹색으로 곧게 자란다. ,7월,[7],전남 전북
143,37247,오리나무,장엄,"백두산을 오르다 보면 수목한계선을 만난다. 이 한계선에 자생하는 식물이 바로 오리나무, 자작나무 등으로 추위에 무척 강한 식물이다. 꽃말처럼 키가 크고 위풍 당당하다. 옛날 과거시험 보러 한양으로 올라가던 선비에게 길동무가 되어준 나무다.","자작나무과에 속하며 북반구에 약 35종 정도가 분포하는데, 우리나라에서도 오리나무, 가지에 가는 털이 덮여 있는 잔털오리나무, 물가에서 잘 자라는 물오리나무 등 10여 종이 자생하고 있다. 암꽃과 수꽃이 한 그루에 있지만 나오는 위치가 서로 다르다. 수꽃차례는 길이가 4-9cm로 길며, 암꽃차례는 긴 계란모양을 하고 있다. 꽃은 3월의 이른 봄에 피지만 열매는 10월에 익는다. 잎 모양새가 독특하여 어렵지 않게 찾을 수 있다. 가장 간편한 방법은 겨울에 산을 찾는 것이다. 손톱만한 작은 열매는 마치 솔방울을 축소해 놓은 듯하다. 이 열매들은 겨우 내내 가지에 달려있어 쉽게 눈에 띤다.","극동러시아, 일본, 중국; 한반도 전역에 분포, 주로 경기도와 강원도",꽃은 3월 초 ~ 4월 말에 피고 암수한그루이고 이삭꽃차례로 달린다. 수꽃차례는 길이 4~9cm로서 각 포에 3~4개씩 늘어져 달리고 화피와 수술은 각 4개이며 암꽃차례는 긴 달걀꼴이고 각 포에 암꽃이 2개씩 달린다.   ,3월 초 ~ 4월,"[3, 4]",강원  경기 전국
144,31851,용담,슬퍼하고 있을 때의 당신이 좋다.,여름이 끝나가고 가을 문턱에 오르면 파란 하늘색을 닮은 용담 꽃이 피기 시작한다. 용담은 뿌리가 용의 쓸개처럼 쓰다고 하여 붙여진 이름이다. 뿌리는 '초룡담'이라 하여 한약재로 쓰인다.,"용담은 지구상에 약 400종이나 분포하는 대가족 식물로 일년생이나 다년생인 것, 키가 5cm정도로 아주 작은 것과 1m 가까이 자라는 큰 것에 이르기까지 매우 다양하다. 우리나라에는 용담, 큰용담, 칼잎용담, 구슬붕이 등 총 10여 종이 주로 고산지대에 분포하고 있다.","한국(해발고도 800-1,500m), 일본에 분포한다.
전국 산야에서 자란다.",꽃은 8-10월에 피고 길이 4.5-6cm로서 자주색이며 화경이 없고 윗부분의 잎겨드랑이와 끝에 달리며 포는 좁은 피침형이다. 꽃받침통은 길이 12-18mm이고 열편이 고르지 않으며 선상 피침형으로서 판통보다 길거나 짧고 꽃부리는 종형이며 가장자리가 5개로 갈라지고 열편 사이에 부편이 있으며 수술은 5개로서 화관통에 붙어 있고 1개의 암술이 있다.,8-10월,"[8, 9, 10]",전국
145,23780,좀작살나무,총명,자생 관목류들의 열매를 보면 보통 검은 색이나 빨간 색이며 종종 흰색도 있지만 좀작살나무처럼 보라색을 띠는 것들은 매우 드물다. 보라색은 신비롭고 독특한 느낌을 주는 색으로 향기가 나는 허브식물 중 라벤더 하면 이 보라색이 떠오른다. 작살나무는 줄기가 뻗은 모양이 작살을 닮아 붙여진 이름이다.,"작살나무는 마편초과에 속하는데 지구상에 약 140종 정도가 분포한다. 대부분 관목의 낙엽성이지만 상록성인 것도 있다. 우리나라에 자생하는 것들은 낙엽성 관목류가 대부분으로 작살나무, 흰작살나무, 좀작살나무, 민작살나무, 송금나무 등이 다. 주로 분포하는 곳은 해발 1,200m 이하의 숲속이나 냇가이며 자생지에서 키는 2-3m정도이다. 학명 중 속명인 Callicarpa는 그리스어로써 callos(아름다운)와 carpos(열매)가 합쳐진 합성어이며 특히 열매가 아름답다는 것을 뜻한다.","중국, 대만, 일본; 경기도, 충청남도 해안과 전라남도, 경상남도.","취산꽃차례로 잎겨드랑이에 10 ~ 20개의 꽃이 피며, 꽃대 길이 1 ~ 1.5cm로 별모양 털이 있고, 양성꽃이며 길이 2mm로 연한 자주색이고, 꽃받침은 털이 없고 수술은 4개로 길이는 5mm이며, 암술대와 길이가 같으며 8월에 개화한다.",8월,[8],경남 경기 충남 전남
146,29265,생강,신뢰,생강은 육질의 굵은 뿌리줄기가 맵고 향기가 있어 김치 담을 때 양념으로 꼭 들어가며 감기 기운이 있을 때 따뜻하게 차로 마시기도 한다.,고향이 열대나 아열대 지방이라 우리나라에서도 주로 남부지방에서 재배되고 있다. 유사한 종으로 꽃봉오리를 양념으로 쓰는 '양하'가 있다. 이른 봄에 피는 생강나무라는 것이 있는데 이는 생강과는 전혀 다른 목본식물로 꽃봉오리나 새로 나온 잎에서 생강냄새가 나 그런 이름이 붙었다. 또한 생강과 비슷하게 생긴 것으로 꽃이 하얀 '꽃생강'이라는 것이 있으나 이 역시 생강과는 다른 속 식물이다. ,"▶중국, 대만, 인도, 미국에 분포한다. 
▶우리나라에서는 전북 완주군 봉동면 등 남부지방 각처에서 재배한다.",우리 나라에서는 꽃이 피지 않으나 원산지(따뜻한 지방)에서는 8~9월경에 엽초로 싸인 길이 20㎝정도의 꽃대가 자라서 그 끝에 화수가 달리며 황록색의 꽃이 핀다. 꽃은 포사이에서 나오고 꽃받침은 짧은 통같으며 꽃부리의 판연이 3개로 갈라지고 열편은 예두이다. 헛수술이 변한 입술모양꽃부리는 도란상 원형이고 밑부분 양쪽에 작은 열편이 있으며 자주색 바탕에 연한 황색 반점이 있다. 수술은 1개이고 꽃밥은 황색이며 씨방은 하위이고 암술대는 실같이 가늘며 연자주색이고 암술머리는 방사형이다.,8~9월,"[8, 9]",전북
148,30464,칡,사랑의 한숨,야생식물에서 생장속도가 아주 빠른 것 중의 하나가 칡이다. 일단 번성하기 시작하면 걷잡을수 없을 정도로 빨리 퍼진다. 이러한 생장세를 이용하여 새로 만든 도로 경사면(주로 암석층 사면)에 식재하여 조기에 녹색으로 피복하기도 한다.,칡은 콩과식물로서 지구상에 약 17종이 분포하는데 주로 아시아 동남부지역에 자생한다. 우리나라에도 한 종이 전국의 산야에 흔히 자생한다. 단일종이면서 칡만큼 널리 퍼져있는 식물도 드물 것이다.,"말레이시아, 인도, 중국, 일본, 극동러시아; 전국 산야.",꽃은 8월에 개화하고 홍자색으로 길이는 18 ~ 25mm로 총상꽃차례는 곧추서며 길이 10 ~ 25cm이다.  포는 선형이고 긴 털이 있으며 꽃받침은 가운데까지 갈라진다.,8월,[8],전국
149,32810,뻐꾹나리,당당,뻐꾹나리를 뻑국나리라고도 하는 것으로 보아 뻐국새와 상당한 연관이 있는 이름인 것 같다. 꽃이 마치 말미잘처럼 생겨 아주 특이하게 생겼다. 꽃대가 가늘지만 강해 꽃말처럼 당당하다.,Tricyrtis속 식물은 백합과의 여러해살이풀로써 세계적으로 16종이 히말라야 동부에서 필리핀에 이르러 습기많은 숲에 분포한다. 우리나라에는 뻐꾹나리 1종이 있는데 다른 나라에는 없는 한국특산식물로 알려져 있다.,"일본, 중국 / 한국(경기도 광릉 이남) ",꽃은 7월에 피고 백색으로 자주색의 반점이 있으며 하부에 황색 반점이 있는 것도 있고 줄기 끝과 상부 잎겨드랑이에 편평꽃차례로 달린다. 화피편은 6개이고 내편은 좁은 피침형으로 평개하며 내편은 넓은 거꿀피침모양으로 외측에 샘털이 있고 기부가 강하게 뒤로 말린다. 수술대에 털 같은 돌기가 있고 암술 3개로 기페 갈라지고 열편에 둥근 돌기가 있다.,7월,[7],경기
151,32477,해바라기,"동경, 숭배","흔히 '해바라기 같은 사람' 하면 자기 주관 없이 이래도 흥, 저래도 흥, 아니면 누군가에 잘 보이려고 아부하는 사람 쯤으로 생각한다. 하지만 이 식물의 꽃말이나 자라는 모습을 보면 그건 잘못된 얘기다. 확고한 자기 주관을 내면 깊숙이 갖고 있으면서 잘 익을수록 고개를 숙이는 겸손을 보여 주며, 진정으로 존경하거나 사랑하는 사람을 흠모할 줄 아는 꽃이다. 자라는 모습도 결코 옆으로 퍼지거나 다른 식물에 기대지 않고 스스로 꿋꿋하게 잘 자란다. 그러니 앞으로 '해바라기 같은 사람' 하면 진심으로 누군가를 존경하고 사랑할 줄 아는 그릇 큰 사람을 지칭하는 말로 인식이 바뀌었으면 좋겠다.","해바라기는 고향이 북미, 페루, 칠레 지역이 중심지로 약 70-80종 이상의 야생종들이 있다. 최근에 원예용(주로 분화용) 품종들이 개발되면서 덴마크 등 유럽에서는 재배가 점차 늘고 있다.",전국에서 식재한다.,꽃은 8~9월에 피며 지름 8-60cm로서 옆을 향해 달리고 가장자리의 혀꽃은 밝은 황색이며 중성이고 통상화(筒狀花)는 갈색 또는 황색이며 양성이고 총포는 반구형이며 포편은 난상 피침형으로서 끝에 긴 연모(軟毛)가 있다.,8~9월,"[8, 9]",전국
152,23524,국화,"청결, 정조, 순결","9월은 가을을 시작하는 달이다. 오늘의 꽃도 가을을 상징하는 대표적인 꽃인 국화이다. 국화의 꽃말은 꽃색에 따라 다르다. 오늘의 꽃은 이들을 총칭하는 것으로 보이지만 '청결', '정조', '순정'인 것으로 보아 주로 흰색품종에서 유래된 듯 하다.","국화는 유럽, 아시아 중부 및 동부가 원산으로 약 20종이 분포한다. 자생지도 바닷가부터 산꼭대기에 이르기까지 서식환경이 매우 다양하다. 우리나라엔 국화와 같은 Dendranthema속 식물은 없고 유사한 Chrysanthemum이나 Aster속 식물이 많이 분포한다. 자생종 중 개미취 종류(특히 벌개미취)나 쑥부쟁이류는 물론 구절초, 감국 등은 우리나라 들국화를 대표하는 품목들로써 우리꽃길 조성이나 정원용으로 많이 이용되고 있다.",전국에 분포한다.,"가을철에 원줄기 윗부분의 가지 끝에 머리모양꽃차례가 달리고 머리모양꽃차례 주변에 자성(雌性)의 혀꽃이 달리며 중앙부에 양성의 관상화가 있어 열매를 맺는다. 오래 재배해 오는 동안 많은 변종이 개발되었으며 꽃의 지름에 따라서 18cm이상인 것을 대륜(大輪), 9cm이상인 것을 중륜(中輪), 그 이하인 것을 소륜(小輪)으로 구별하고, 또 꽃잎의 형태에 따라서 후물(厚物), 관물(管物) 및 광물(廣物)로 크게 나눈 다음 세별하기도 한다.",가을철에,"[9, 10, 11]",전국
153,23095,물봉선,나를 건드리지 마세요.,"물봉선, 한 여름 물기가 많은 숲에 들어가면 흔히 반겨주는 꽃이다. 진한 분홍색 통꽃을 보면 이제 막 화장을 배우는 여인의 작은 입술처럼 아름답다. 봉선화 하면 우리 자생화라고 생각하는 사람이 의외로 많다. 봉선화, 코스모스, 맨드라미... 다들 외국이 원산으로 이 땅에 들어와 사는 초화류 들이다. 오늘의 꽃인 물봉선은 봉선화와는 같은 집안이긴 하지만 우리나라에 나는 전형적인 자생식물이다.","물봉선은 지구상에 850종이나 분포하는 대가족 식물로 주로 열대나 온대지방에 폭넓게 분포한다. 길가나 뜰 여기저기 심는 봉선화는 같은 속 식물이긴 하지만 종이 다르며 화단용으로 개량되어 나온 품종들이 많다. 물봉선은 자라는 곳의 환경이나 해발에 따라 계통들이 다르게 분포한다. 가장 흔한 것이 일반물봉선인 분홍색 꽃인데 주로 평지의 습지나 물가에 나며, 해발 600m 이상 올라가면 노랑물봉선이나 흰물봉선들이 주류를 이룬다. ","한국, 일본, 중국, 러시아연해주 등에 분포한다.
전국 각처에서 자란다.","총상꽃차례는 가지 윗부분에 달리며 꽃자루는 꽃대축과 더불어 밑으로 굽고 붉은빛이 도는 육질의 털이 있으며 꽃은 8-9월에 피고 홍자색이며 꽃잎은 모두 3개인데 양쪽에 있는 큰 꽃잎은 길이 3cm이고 거는 넓으며 자주색 반점이 있고 끝이 안으로 말린다. 꽃받침 잎은 3개, 수술은 5개이며, 꽃밥은 합쳐지고, 암술은 1개이다. 꽃 아래 1편은 주머니 모양이다.",8-9월,"[8, 9]",전국
154,39748,둥근잎꿩의비름,"토착, 친숙",잎에 물기를 잔뜩 머금고 있는 다육식물 중 꿩의비름 종류가 유명하다. 이들 중 잎이 둥근 둥근잎꿩의비름은 잎 모양도 예쁘지만 빼곡히 달리는 꽃이 참 예쁘다. 주왕산이나 내연산이 고향으로 계곡 물가의 습기가 많은 바위에 붙어서 잘도 자란다.,"꿩의비름 종류도 참 많다. 세계적으로 약 400종이 분포하는데 우리나라에는 21종이 난다. 관상용을 이용할 만한 것들로 둥근잎꿩의비름, 큰꿩의비름, 돌나물, 기린초류, 땅채송화 종류가 있다.","중국 / 한국(경상북도 청송군, 포항시) ",꽃은 7-8월에 피며 짙은 홍자색으로서 원줄기 끝에 둥글게 모여 달린다. 꽃받침은 끝이 5개로 갈라지며 열편은 피침형이고 녹색이다. 꽃잎은 5개로서 자홍색이 돌며 배모양이고 수술은 10개로서 그 중 5개는 꽃잎과 마주나기하며 수술대는 꽃잎과 길이가 비슷하고 꽃밥은 적색이며 꽃가루는 황색이다. 암술은 5개가 서로 떨어지고 꽃잎과 마주나기하며 암술대는 길이 1mm정도이다.,7-8월,"[7, 8]",경북
155,29126,백양꽃,"초가을의 그리움, 진한 미소","꽃과 잎을 동시에 볼 수 없다는 상사화, 백양꽃도 상사화랑 같은 집안이다. 상사화와 백양꽃은 봄에 잎이 먼저 나오지만 꽃무릇(고창 선운사나 영광 불갑사의 군락 유명)이나 개상사화는 가을에 잎이 나온다. 다들 알뿌리식물이라 그런지 꽃이 참 크고 아름답다.","백양꽃이 속하는 Lycoris속 식물은 수선화과에 속하는 알뿌리식물이다. 지구상에 12종류가 사는데 대부분 우리나라, 일본, 중국이 고향이다.","한국(전라북도 부안군, 임실군, 정읍시; 전라남도 신안군, 영광군, 영암군, 장성군; 경상남도 산청군; 부산시 기장군) ",꽃대가 9월에 올라와 적갈색의 꽃을 피움,9월,[9],전남 경남 전북
157,23844,마가목,"조심, 신중","마가목, 봄이나 여름동안 잎이나 줄기도 예쁘지만 가을에 달리는 빨간 열매나 고운 단풍잎은 일품이다. 마가목은 맹아력이 매우 강하다. 봄에 돋아나는 새순은 힘찬 용기와 생동감을 한자로 마아목(馬牙木)이라고 쓰는데 튀어나오는 새순이 말 이빨처럼 힘차게 돋아난다 하여 붙여진 이름이다. ","낙엽성의 작은 관목으로 주로 고산지대에 사는 장미과 식물이다. 지구상에 약 100종이 북반구를 중심으로 광범위하게 분포하고 있는데, 숲 속이나 야산에서 자생한다. 잎과 열매가 모양이 아름다워 관상용으로 꽤 많은 품종들이 개발되어 있다. 우리나라에는 제주, 전남, 경남, 울릉도 등 주로 남부지역에 자생하고 있고 있으며, 3속 3종(변종)이 분포하는데, 당마가목, 산마가목, 팥배나무가 형제뻘에 해당하는 속 식물이며, 잎 뒤에 하얀 작은 털이 있는 잔털마가목, 긴 털이 여기저기 있는 왕털마가목, 갈색 털이 난 녹마가목의 3종이 자식뻘에 해당하는 변종이다.","러시아, 일본 / 우리나라 황해도, 강원도 이남에 자생. 경상남북도 지역에 주로 분포.","복산방꽃차례는 지름 8 ~ 12cm로서 털이 없으며 가지끝에 달린다. 꽃은 5 ~ 7월에 피고 백색이며 지름 8 ~ 10mm,이고, 암술대는 3개이다. 꽃받침, 꽃잎이 각 5개이며 수술은 20개이다.",5 ~ 7월,"[5, 6, 7]",강원 경북 경남
158,32650,맨드라미,"사진, 헛된 장식, 뜨거운 사랑",맨드라미꽃들이 수탉의 상징인 벼슬처럼 붉어지면 가을이 왔음을 뜻한다. 맨드라미는 가을이면 어디서든 볼수 있지만 원래 고향은 인도 등 아열대나 열대다. 꽃말이 많지만 붉은색 맨드라미에겐 뜨거운 사랑이 잘 어울린다. 꽃은 설사를 멎게 하는 약으로도 쓰인다고 한다. 맨드라미는 꽃모양 때문에 계관(鷄冠)&middot;계두(鷄頭)라고도 한다.,비름과에 속하는 한해살이 식물이다. 열대아시아와 인도가 원산이며 원예종으로 다양한 꽃색의 품종들이 나와 있다.,전국 각지에서 재배한다.,"꽃은 7-8월에 피고 홍색, 황색 또는 백색이며 정생(頂生)하고 꽃대 상단은 닭
의 볏 모양이며 아랫면에 대가 없는 다수의 잔꽃이 밀착한다. 꽃받침이 5개로 갈라지며 열편은 길이 5mm정도로서 넓은 피침형이고 끝이 날카롭다. 수술은 5개로서 꽃받침보다 길고 수술대 밑이 서로 붙어 있으며 암술은 1개이고 긴 암술대가 있다.",7-8월,"[7, 8]",전국
160,30762,배롱나무,헤어진 벗에게 보내는 마음,배롱나무는 다른 말로 목백일홍이라고도 한다. 꽃이 100일동안 간다하여 붙여진 이름이다. 줄기를 만지면 모든 가지가 흔들린다 하여 '간지럼나무'라고도 불린다. 남부지역에서는 귀신을 쫓는다 하여 묘소 주변에 흔히 심는다.,지구상에 아시아에서 호주에 이르기까지 열대 및 온대남부지역에 약 50종이 분포하는 낙엽성 관목이다. 국내에는 꽃이 분홍인 것과 흰색(Lagerstroemia indica for. alba)인 것이 관상용으로 흔히 이용된다. 꽃이 크고 오래가는 원예품종도 공급되고 있다. ,"중국; 충청남북도, 전라남북도, 경상남북도 이남에서 식재. 경기도에서도 일부 월동.","원뿔모양꽃차례는 가지 끝에 달리고, 길이와 폭이 각 10 ~ 20cm × 3 ~ 4cm이고, 암수한꽃으로 진한 분홍색이며, 수술은 30 ~ 40개로서 가장자리의 6개가 길며 암술은 1개이고 암술대가 수술 밖으로 나오고 8월 중순 ~ 9월 중순에 개화한다.",8월 중순 ~ 9월,"[8, 9]",전북 경남 경기 전남 경북
161,24532,보리수나무,"결혼, 부부의 사랑",어렸을 때 시골집 담장이나 정원에서 흔히 따먹던 빨간 열매의 나무다. 요즘도 가정집 정원에 흔히 심겨져 있다. 가을에 열매가 익어가면서 풍성함을 주어 관상용으로 좋지만 그냥 따먹어도 좋고 잼을 만들어 먹기도 한다. 보리수 열매는 맛있지만 유사종인 뜰보리수는 약간 떫다. 꽃은 5-6월경 인동처럼 처음에 흰색으로 피었다가 점차 연한 노랑색으로 바뀌며 향기도 난다. 열매는 10월에 빨갛게 익는다.,"이 식물은 지구상에 약 45종이 있으며 주로 아시아 지역에 분포하고 있다. 잎이 은색인 것, 무늬가 들어 있는 것, 상록성인 것 등 여러 가지가 있으며 이들 중 보리수나무는 낙엽성 관목으로 키가 3-4m 정도이며 보통 가시가 있다. 보리수나무에서 유래된 것으로 잎 표면에 털이 없는 ‘민보리수’, 어릴 때 잎에 별모양의 눌린 자국이 있는 ‘왕보리수’, 열매 길이가 1cm 가까이 되는 ‘긴보리수’ 등이 있으며, ‘뜰보리수’는 유사종으로써 꽃이 노랑색의 나팔모양의 긴 통꽃으로 피며 열매가 7-8월에 익는다. ","일본 / 황해도, 강원도, 경기도, 충청북도, 경상남북도, 전라남북도, 제주도.","꽃은 5월 초 ~ 6월 중순에 피며, 백색에서 연황색으로 변하고, 향기가 있으며, 새가지의 잎겨드랑이에 1 ~ 7개가 우상모양꽃차례에 달리고, 꽃받침통 길이는 12mm정도로 끝이 4갈래로 갈라지고 수술은 4개, 암술은 1개이며 암술대에 인모가 있다 ",5월 초 ~ 6월,"[5, 6]",제주 전북 강원 경기 경남 전남 경북 충북
162,29615,산사나무,"희망, 유일한 사랑, 관용","갈라진 잎 모양, 하얀 꽃, 빨간 열매에 이르기까지 볼거리를 많은 식물이다. 잘 익은 열매는 나중에 따서 술도 담아 먹을수 있으니 정원에 한 그루쯤은 있어야 할 나무다. 아가위나무, 아그배나무, 찔구배나무, 질구나무, 돌배나무, 애광나무 등 지방에 따라 불리는 이름이 다양하다. ","장미과에 딸린 식물로 낙엽성 교목이다. 유사종으로 잎이 크고 넓은 '넓은잎산사', 잎이 갈라지지 않은 '자작잎산사', 잎이 가늘게 갈라지는 '좁은잎산사', 잎 뒷면에 털이 난 '털산사' 등이 있다. ","일본, 중국, 극동러시아 / 평안남북도, 함경남북도에서 강원도, 경기도 북부 및 경상북도까지 분포하지만 주로 경기도에서 확인되며 제주도에도 분포.",꽃은 잎이 핀 다음 4~5월에 피고 지름 1.8㎝로서 백색 또는 담홍색이며 편평꽃차례는 지름 5~8cm로서 털이 있고 꽃잎은 둥글며 꽃받침조각과 더불어 각 5개이고 수술은 20개이며 꽃밥은 홍색이다. 배꽃같은 작은 꽃이 몇 송이씩 뭉쳐서 핀다.,4~5월,"[4, 5]",제주 강원 경남 경기 경북
163,32831,살비아,"불타는 마음, 정열","우리말로는 '깨꽃'이라 불렸던 살비아, 여름부터 초가을까지 핀다. 꽃말은 꽃이 주로 빨간색인 것들이 많아 붙여진 듯 하다. 꽃을 앞에서 잡아당겨 뽑으면 끝에 꿀샘이 달려 있어서 어릴 적 많이 빨아먹던 기억이 난다.",꿀풀과에 속하며 고향인 브라질에서는 원래 여러해살이풀이었으나 원예적으로 개량되면서 품종들이 많이 나와 지금은 거의 일년생이다.,전국 각지에서 재배한다.,꽃은 6~7월에 피며 자주색이고 줄기 끝에 정생하는 윤산화서로 층층이 달린다. 꽃받침조각은 종상 순형이고 꽃부리는 양순형이며 길이 1.5-2cm로서 상순 끝이 다소 파지고 하순이 3개로 갈라진다. 수술은 2개이며 암술대가 화관의 상순보다 길게 밖으로 나온다.,6~7월,"[6, 7]",전국
166,38104,투구꽃,밤의 열림,"투구꽃, 꽃 모양이 병사가 쓰는 투구를 닮아 붙여진 이름이다. 몸에 강한 독성이 있다. 어렸을 때 잎 모양이 취같은 산나물처럼 생겨 봄이면 사람들이 잘못 뜯어먹다가 곤욕을 치르기도 한다. 영명은 꽃모양처럼 '수도승의 두건'을 뜻한다.","미나리아재비과에 속하는데, 이 과는 많은 식구들이 있다. 이름도 예쁜 으아리, 요강나물, 할미꽃, 노루귀, 바람꽃, 꿩의다리, 매발톱꽃, 제비고깔, 개승마, 금매화 등 수십가지나 된다. 투구꽃 종류는 꽃이 노란 '노랑투구꽃', 키가 작은 '각시투구꽃', 금오오돌또기라고도 하는 '세뿔투구꽃', 곧게 자라는 '선투구꽃' 등이 있다.","▶한국, 만주에 분포한다.
▶전국 각지에서 자라나 주로 속리산 이북에 분포한다.","꽃은 9월에 피며 자주색이고 총상꽃차례 또는 복총상꽃차례가 원줄기 끝과 줄기 윗부분의 잎겨드랑이에서 나오며 꽃자루에 털이 많다. 꽃 전체 모양은 고깔이나 고깔모양꽃부리이다. 꽃받침조각은 꽃잎같이 생겼고 표면에 털이 있으며 뒤쪽의 것은 고깔같고 이마쪽이 뾰족하게 나와 있으며 중앙부의 것은 약간 둥글고 밑부분의 것은 긴 타원형이다. 꽃잎은 2개이며 긴 대가 있고 가장 윗부분의 꽃받침조각 속에 들어있으며 수술은 많고, 수술대는 밑부분이 우상으로 넓어진다. 씨방은 3-4개로 털이 있다.",9월,[9],전국
167,30253,떡갈나무,"독립, 용기",늦가을 바닥에 떨어진 낙엽 중 떡갈나무만큼 진한 가을색을 보여주는 나무도 드물다. 잎도 두꺼워 밟지 않으면 형태가 오랫동안 그대로 유진된다. 동네 야산에서도 흔히 볼 수 있다. ,"신갈나무, 참나무, 상수리나무 등과 같은 참나무과의 대표적인 낙엽수다. 산에 가면 해발 800m 이하에서 흔히 볼 수 있다. 잎 뒷면에 털이 없는 '청떡갈'과 잎이 거의 주맥까지 갈라지는 '깃떡갈'이 있다. ","극동러시아, 일본, 대만, 중국, 몽고; 한반도 전역 및 전국 표고 800m이하의 산지(경기도,강원도,황해도 지역에 많다.)",꽃은 암수한그루 또는 암수한꽃으로서 5월에 피고 수꽃차례는 잎겨드랑이에서 밑으로 처지고 암꽃차례는 위에서 곧추나와 몇개의 암꽃이 달린다. 수꽃은 4~20개의 수술과 5~11개의 화피열편이 있으며 꽃밥에 털이 있고 암꽃은 6개의 화피열편과 2~4개의 암술머리가 있다.,5월,[5],강원  경기 전국
169,36497,단풍나무,변치 않는 귀여움,가을 하면 제일 먼저 떠오르는 식물은 단풍나무이다. 흔히 일기예보에서 단풍 색으로 가을이 오는 속도를 잠작하기 때문이다. 설악산에서 저 멀리 내장산까지 단풍의 피크시기를 예고하기도 한다. 온도나 광으로 알아보는 일기예보도 좋지만 들에 피는 꽃이나 단풍처럼 계절의 변화를 먼저 아는 야생식물들의 움직임이나 변화를 통해 계절을 알아보는 것도 참 좋다. 이미 상당부분 자연과 교감한다는 말이기 때문이다. 빨간 단풍은 가을에 사람들을 시인으로 만든다.,"단풍나무도 종류가 무척 많다. 세계적으로 약 150종이 유럽, 아프리카 북부, 아시아, 미국 중북부지역의 숲속에 자생한다. 우리나라에도 꽤 많은 종들이 분포하고 있다. 신나무, 고로쇠나무, 시닥나무, 당단풍, 복자기 등 30여 종이나 자생하고 있다.","일본 / 경상남도, 전라남북도, 제주도.","꽃은 잡성 또는 암수한그루로 5월에 피며, 편평꽃차례고 암꽃은 꽃잎이 없거나 2 ~ 5개의 흔적이 있지만, 수꽃은 없고 수술은 8개이고 꽃받침조각은 5개이다.",5월,[5],제주 전북 경남 전남
170,28299,담쟁이덩굴,공생,"담쟁이, 시골이든 도시든 돌담을 보면 가장 먼저 떠오르는 식물이다. 봄부터 여름까지 녹색으로 덮어주는 것도 좋지만 가을에 빨간 단풍까지 선사해 주기 때문이다. 한번 심어두면 어찌나 번식력이 좋은지 몇 해만 지나면 완전히 덮어버린다. 담쟁이로 덮은 건물벽은 수명이 더 길다. 표면을 보호하며 벽과 공생하기 때문이다. ",포도과에 속하는 덩굴성의 낙엽수다. 비슷한 것으로 미국담쟁이덩굴이 있는데 잎이 더 크고 가을에 단풍도 더 빨갛게 든다. ,"중국, 대만, 일본; 전국 분포.","꽃은 암수한꽃이며 황록색으로 5월 말에 피고, 취산꽃차례는 잎겨드랑이나 짧은 가지 끝에서 자라며 많은 꽃이 달린다.",5월,[5],전국
171,26112,산딸나무,희생,유럽에서는 예수님이 짊어지신 십자가를 만든 나무로 알려져 신성시하기도 한다. 정원수로서 없어서는 안될 아름다운 종이다. ,층층나무과에 속하는 낙엽성 교목이다. 주로 중부이남에 분포하며 유사종으로 말채나무와 산수유가 있다. 미국산딸나무는 꽃색이 분홍색으로 정원용으로 아주 아름답다. ,"일본 / 황해도, 경기도 및 충청남북도 이남 지역.","꽃은 6월에 피며, 20 ~ 30개가 두상으로 모여 달리고, 꽃잎과 수술은 각각 4개이며, 총포편 4개가 사방으로 퍼지고 좁은 달걀형이며 예첨두 예형이고, 길이와 폭이 각 3 ~ 9cm × 2 ~ 3cm로 보통 흰색이다.",6월,[6],경기
172,33903,박하,덕,"잎을 따 손가락으로 문질러 코에 대면 아주 강한 향기가 난다. 박하 하면 어렸을 때 귀하게 먹던 하얀 박하사탕이 먼저 떠오른다. 아무리 우는 아이도 박하사탕 한 알이면 울음이 뚝 그쳤는데, 요즘은 음식점 계산대에 있으나 사람들이 즐겨먹지 않는 것 같다. ",박하는 꿀풀과에 속하는 식물로 지구상에 약 25종이 있다. 유럽이나 아프리카 및 아시아가 주요 원산지이며 습기가 많은 저지대 초원에서 흔히 분포한다. 우리나라에는 주로 남부지역의 들에 박하가 자생하고 있는데 귀화식물들처럼 옛날에 약용으로 재배되던 것들이 주변에서 터를 잡고 스스로 살아간다. ,"북반구 온대에 분포한다.
전국에 야생하고 한때 약용식물로 재배하였다.",꽃은 7~9월에 피며 연한 자주색이고 윗부분과 가지의 잎겨드랑이에 윤산화서로서 밀집하며 꽃받침보다 짧은 꽃자루가 있다. 꽃받침은 종형이며 녹색이고 길이 2.5-3mm로서 끝이 5개로 갈라지며 열편은 가장자리에 퍼진 털이 있고 예두이다. 꽃부리는 통형(筒形)이며 길이 4-5mm로서 4개로 갈라지고 4개의 수술이 있으며 암술대는 끝이 2갈래로 갈라진다.,7~9월,"[7, 8, 9]",전국
173,25489,층꽃나무,허무한 삶,층꽃나무 하면 가을 시골길가에서 무릎높이의 아담한 키로 푸른빛을 띠는 자주색 꽃들이 층을 이루며 피어있는 모습이 떠오른다. 꽃이 층을 이루며 피기때문에 금방 알아볼수 있다. 꽃말처럼 꽃이 핀뒤 얼마 못가 꽃이 떨어져 버린다. 풀처럼 생긴 나무라 층꽃풀이라고도 한다. ,"마편초과의 낙엽성 소관목이다. 제주, 경남, 전남 등 남부지역에 자생하며 유사한 것으로 흰층꽃나무가 있다. ","일본, 중국, 대만; 경상남도, 전라남도 남쪽 섬 및 제주도.","취산꽃차례는 잎겨드랑이에 많이 달리고, 꽃은 남보라색이며 꽃부리는 길이 5 ~ 6mm로 겉에 털이 있고, 밑부분 열편이 가장 크며 다시 실처럼 갈라진다.  꽃받침은 종형이고 깊은 5갈래로 갈라지며 열편은 피침형으로 8월 말 ~ 10월 초에 개화한다.",8월 말 ~ 10월,"[8, 9, 10]",전남 경남 제주
174,29594,비파나무,현명,남부에서 과실을 수확하기 위해 재배하는 나무이다. 최근 노란 열매가 항암효과가 있다는 것이 알려지면서 재배면적이 늘어나고 있다. 남부에서는 정원수로도 손색없는 나무이다. ,"장미과에 속하는 상록성의 덩굴 또는 작은 교목이다. 세계적으로 약 30종 정도가 분포하는데, 주로 히말라야나 아시아 동부지역의 숲 속에서 자생한다.","▶한국, 일본, 중국에서 재배한다.
▶제주도 및 남해안 지방에서 자란다.",꽃은 백색으로 10~11월에 피며 지름 1cm이고 원뿔모양꽃차례는 가지끝에 정생하며 연한 갈색털로 덮이고 꽃받침조각과 꽃잎은 각 5개이다. 향기가 있다.,10~11월,"[10, 11]",제주
176,24458,해국,침묵,지금쯤 바닷가 바위 겉에서 세찬 바람을 자극삼아 꽃을 한창 피우고 있다. 바닷바람 때문에 키가 크지 못하고 낮게 엎드려 꽃을 피운다. 다른 쑥부쟁이류에 비해 키가 작으면서 꽃이 크고 아름답다. 바닷가에서 항상 사나운 파도와 거센 비바람과 맞대 있지만 항상 한결같은 모습으로 침묵하며 조용히 자신의 아름다움을 드러낸다.,해국은 국화과에 속하는 반목본성의 다년생식물이다. 우리나라의 제주나 남부해안가 및 동부 해안지역에 흔히 자생한다.,제주도 및 전국 바닷가의 절벽에 자생하며 일본에도 분포한다.,"꽃은 7-11월에 피며 머리모양꽃차례는 가지 끝에 달리고 지름 35-40mm로서 연한 자주색이며 총포는 반두형이고 길이 8-15mm이며 포편은 선셩으로서 털이 있고 3줄로 배열된다. 설상화관은 연한 자주색으로서 길이 12-20mm, 나비 1-2mm이다. .",7-11월,"[7, 8, 9, 10, 11]",제주 전국
177,25624,오미자,다시 만납시다.,"꽃말이 월드컵이나 올림픽 끝날 때 전광판에 나오는 말이다. 빨갛게 익은 선홍색 열매의 아름다움을 보려면 다시 내년을 기약해야 한다는 뜻으로 보인다. 오미자(五味子)는 열매에 단맛·신맛·쓴맛·짠맛·매운맛의 5가지 맛이 섞여있어 붙여진 이름이며, 신맛이 특히 강하다. ","오미자는 덩굴성 낙엽수이다. 종류는 태백산 일대에 자라는 오미자(북오미자), 남부 섬이나 제주에 자생하는 남오미자, 흑오미자가 있다. ","중국, 일본; 함경북도 백두대간 ~ 경상북도, 전라남도까지 분포.",암수딴그루로 꽃은 4 ~ 6월에 피고 3~5송이의 꽃이 새로 나온 짧은가지의 잎겨드랑이에 각기 한송이씩 핀다.  꽃은 지름15mm로서 약간 붉은 빛이 도는 유백색이며 화피열편은 6~9개이고 길이5~10mm로서 난상 긴 타원형이며 수술은 5개이고 암술은 다수로 둥근 꽃턱상에 모여있으며 꽃턱 꽃잎은 핀후 길이 3 ~ 5cm가 된다.,4 ~ 6월,"[4, 5, 6]",전남 경북
178,30876,은행나무,장수,"노란 은행나무 잎은 단풍과 함께 우리나라 산야는 물론 도심속 가을을 대표한다. 게다가 천년이상 사는 나무들이 흔치 않은데 은행나무는 그 이상을 산다하니 '장수'라는 꽃말이 붙은듯 하다. 용문사 은행나무는 1,100살로써 조선 세종때 정3품 벼슬인 당상직첩(當上職牒)을 하사받았다고 한다. 은행나무는 진화론자 다윈이 '살아있는 화석'이라 칭할 만큼 귀한 나무이며 지구의 역사를 지켜온 나무이다. ",은행나무는 지구상에 피붙이 하나없는 외로운 종으로 단 1속1종의 식물로써 고향은 중국 남부지역이다. 몇 가지 품종이 개량되어 이용되고 있다. 요즘 길가를 지나다 보면 도로변 조경을 위해 가로수로 심어놓은 은행나무에서 길가던 행인들이 땅에 떨어진 은행(銀杏)을 줍느라 한참 재미보는 모습(은행털이?)을 쉽게 볼수 있다. 은행나무는 암나무와 숫나무가 따로 있다. 그래서 꽃필때 암나무 주변에 수분수(꽃가루를 줄 숫나무)가 없으면 열매가 맺히질 않는다. ,중국; 우리나라 전국 식재,"암수딴그루이고  수꽃차례 1 ~ 5개의 꼬리처럼 달린다. 수술은 각각 2개이고 약을 가지며, 그모양은 긴 타원형이고 길이는 3mm 정도이다. 약은 성숙하면 봉선을 따라 갈라진다. 화분이 발아하게 되면 2개의 정자가 나타난다. 축길이는 3 ~4cm이며 암꽃은 1가지에 6~7개가 모여 나고  그 끝에 2개의 밑씨가 달리는데 그중 1개만이 성숙한다. 자루길이는 2cm이고 꽃은 5월경에 핀다.",5월,[5],전국
181,24466,참취,참맛,"산나물 하면 가장 먼저 떠오르는 나물이 바로 참취이다. 실제 취나물중 참취가 맛이 으뜸이며 그래서 이름도 참(정말, 진짜) 나물이다. 잎도 나물로 맛있지만 여름에 피는 꽃도 선명한 흰색으로 아름답다. 주변 전체가 녹색바탕일 때 흰꽃이 피기 때문에 훨씬 돋보인다. ","국화과에 속하는 여러해살이풀이다. 우리 산야에 흔히 자생하며 쑥부쟁이류, 부지깽이나물 등 비슷한 것으로 약 18종이 있다. ","▶일본 북해도, 시코쿠, 큐슈, 만주, 중국 등지에 분포한다.
▶전국 각지에 야생한다.","꽃은 8-10월에 피며 지름 18-24mm로서 백색이고 가지 끝과 원줄기 끝의 편평꽃차례에 달리며 화경은 길이 9-30mm이다. 총포는 반구형이고 길이 4-5mm, 나비 7-9mm이며 포는 3줄로 배열되고 외포는 긴 타원형으로서 길이 1.5mm정도이며 내포는 좁고 긴 타원형으로서 길이 4-5mm이다. 혀꽃은 길이 11-15mm, 나비 3mm정도이다.",8-10월,"[8, 9, 10]",전국
182,38285,야고,더부살이,"야고는 억새밭에 기생한다. 녹색 잎이나 줄기가 없어 스스로는 살지 못하고 억새들 틈에서 뿌리를 통해 연명하며 살고 있다. 겨우살이, 초종용, 백양더부살이, 수정란풀..., 스스로 살지 못하고 다른 식물에 의지하며 살아야 하는 기생식물들이지만 우리가 모르는 뭔가의 댓가가 있을 것이다. 세상엔 공짜가 없기 때문이다. ",열당과에 속하는 한해살이풀이다. 꽃은 9월에 피며 꽃대가 다 자라도 15cm미만으로 작다. 꽃이 하나씩 피며 나중에 작은 종자가 수북이 찬다. 줄기 기부에서는 몇 개의 적갈색 인편이 서로 마주난다.,"일본, 중국, 미얀마, 필리핀, 인도 / 한국(전라남도 여수시; 제주도) ",꽃은 9월에 피며 꽃자루는 털이 없고 끝에 한 개의 꽃이 옆을 향해 달린다. 꽃받침은 주형(舟形)이며 한쪽이 갈라지고 길이 2-3cm로서 뒷면 위쪽에 다소 능선이 있으며 꽃부리는 판통이 길고 길이 3-3.5cm로서 가장자리가 5개로 얕게 갈라져서 다소 순형으로 되며 다소 육질이다. 수술은 4개로서 판통에 붙어 있고 그 중 2개가 길다.,9월,[9],전남 제주
183,31623,측백나무,기대,"측백나무, 편백나무 숲, 요즘 도시 어린이들의 아토피치료에 효과가 있는 것으로 알려지고 있다. 아토피가 심한 경우 아예 숲이 있는 시골로 이사해 사는 도시사람들도 있다. 아토피는 폐질환이므로 숲이 주는 청량감과 맑은 공기덕분일 것으로 생각된다. 측백나무는 특히 피톤치드를 많이 발산하며 플라보놀 같은 항산화물질이 많이 들어있어 노화방지에 효과적이다. 꽃말처럼 우리의 건강한 삶을 위해 기대해볼만한 식물이다.","측백나무과에 속하는 침엽교목으로 지구상에 약 6종이 분포하는 상록성식물이다. 원산지는 동아시아와 북아메리카로 높이가 25m까지 자라는데, 꽃은 4월에 피고 열매는 9월에 익는다. 측백나무와 유사한 것들로 같은 과에 속하는 눈측백, 서양측백, 나한백, 편백, 화백 등이 있고, 우리가 잘 아는 향나무, 노간주나무도 측백나무과에 속한다.","대구, 단양, 안동 등에 자생, 전국에 식재","개화기는 4월, 암수한그루, 수꽃은 타원형이고, 길이는 1.5~3.0mm이다. 10개의 인편으로 구성되고, 각각 2~4개의 꽃밥이 있으며, 꽃자루가 짧다. 암꽃은 구형이고, 8개의 실편으로 구성되며, 각 꽃에 6개의 밑씨가 들어있다. 화분은 구형이며, 크기가 20~25μm 정도이다. 발아구는 작은 반구형이며, 화분체의 표면은 약간 울퉁불퉁하다.",4월,[4],전국
184,23047,산부추,보호,"추어탕에 곁들이거나 전 만들 때 빠지지 않고 들어가는 것이 부추다. 산부추나 참산부추는 부추류의 야생종이다. 채소용 부추만큼 수량은 나지 않지만 부추 특유의 향은 똑 같으며 꽃이 공 모양의 붉은 색으로 바위틈이나 정원에 모아심어 두면 초가을 관상용으로 훌륭하다. 꽃말처럼 산부추, 마늘 같은 알리움류는 톡 쏘는 성분이 있어 싸스나 신종플루 같은 질병에 대한 내성을 길러주는 게 아닌가 싶다. ","알리움속에 속하는 백합과의 여러해살이풀로써 알뿌리 식물이다. 북반구의 건조한 평야지나 산악지에 약 700여 종이 자생한다. 우리나라에는 산마늘, 산달래, 참산부추, 두메부추 등 13종이 자생하고 있다.",전국 ,"꽃은 8~9월에 홍자색으로 꽃대 끝에 산형으로 동그랗게 달린다. 꽃 껍질 모양은 넓은 달걀모양이고, 끝이 뾰족하며, 작은 꽃대는 길이 1~1.5cm정도이다. 꽃잎, 꽃받침은 4~5mm정도의 타원형으로 6장이다. 수술은 6개로 길고 밑부분이 넓게 퍼진다. 거치가 있다.",8~9월,"[8, 9]",전국
185,36554,사철나무,"어리석음을 안다, 지혜","전국 어디서든 사계절 녹색을 보이면서 잎이 넓은 종들이 흔치 않다. 특히 중북부지방에서 상록인 것은 소나무, 주목 등 침엽인 것들이 대부분이며 사철나무처럼 잎이 넓은 것은 거의 없다. 화살나무랑 같은 집안이다.","노박덩굴과에 속하는 상록관목이다. 주로 아시아 지역에 약 175종이 산다. 변종으로 잎이 타원형인 무룬나무, 잎이 긴 긴잎사철, 잎 가장자리에 하얀 점이 박힌 흰점사철, 잎에 하얀 줄이 있는 은테사철, 잎에 노란 반점이 있는 금사철, 잎 가장자리가 노란색인 금테사철, 잎에 노랑과 녹색 반점이 섞여 있는 황록사철 등이 있다. 모두 정원용으로 훌륭한 것들이며 우리 자생 자원들이다.","중국, 인도네시아, 필리핀, 일본 / 황해도 이남과 강원도 이남에 분포, 전국 식재.","꽃은 암수한꽃으로 6 ~ 7월에 피며, 지름 7mm로 연한 황록색이며 잎겨드랑이의 취산꽃차례에 달리고, 꽃부분은 4수이다.",6 ~ 7월,"[6, 7]",강원  전국
187,34731,송악,한결같은 마음,남부지방 돌담을 보면 송악이 덩굴로 감고 있는 모습을 흔히 본다. 상록성이라 겨울에도 늘 푸른 모습으로 11월 중하순인데도 꽃을 피우고 독특한 향기를 품으며 철늦은 파리들의 유희장소로 제공하고 있다. ,두릅나무과에 속하는 상록성의 덩굴성식물이다. 전 세계적으로 고루 분포하며 8-12종이 있다. ,"일본, 타이완; 전라남북도, 경상남북도, 울릉도, 충청남도 및 인천 앞바다.","우상모양꽃차례는 1개 또는 모여 취산상을 이루며 암수한꽃으로 지름이 4 ~ 5mm로 녹황색이고, 꽃잎은 녹색으로 겉에 성모가 있고 수술과 암술대 각각 5개이며 9월 말 ~ 11월 중순 개화한다.",9월 말 ~ 11월,"[9, 10, 11]",전북 경남 충남 전남 경북
188,24370,마삭줄,"매혹, 속삭임",잎이 여러 가지 무늬종들이 있어 아름답지만 마삭줄의 일종인 백화등은 꽃 향기가 강하며 아주 매혹적이다. 한창 꽃이 필 때 거실에 두면 집안 전체에 향기가 가득 찬다.,"협죽도과에 속하는 상록성의 덩굴성이다. 인도와 우리나라, 일본의 남부 숲속에서 약 20종이 자생한다.","일본 / 전라남북도, 경상남도, 제주도.","꽃은 6월 초 ~ 7월 말에 피고 지름 2 ~ 3cm로 백색에서 황색으로 변하고, 취산꽃차례는 가지 끝 또는 잎겨드랑이에 달리며, 꽃대 길이는 5 ~ 10mm이고 꽃받침은 5개로 깊게 갈라지며, 꽃부리 길이는 7 ~ 8mm로 5갈래로 갈라지고, 수술은 5개로 판통에 붙어있으며, 꽃밥 끝이 화통부 입구까지 닿는다.",6월 초 ~ 7월,"[6, 7]",제주 전북 경남 전남
189,30150,산국,흉내,감국과 비슷하게 피면서 감국인 것처럼 흉내를 내지만 인기가 적어 사람들의 관심을 끌지 못한다. 꽃도 작아 볼품 적지만 향기도 너무 강해 차로도 마실 수가 없기 때문이다. ,"국화과의 여러살이풀이다. 러시아, 중국, 우리나라, 일본에 널리 분포한다.","▶한국, 일본, 중국 북부, 시베리아에 분포한다.
▶전국의 산과 들판 양지에 자생한다.","꽃은 9-10월에  피며 지름 1.5cm로서 가지 끝과 원줄기 끝에 산형 비슷하게 달린다. 총포의 길이는 4mm, 직경이 8mm이며, 포편은 3~4줄로 배열되고, 외편은 선형 또는 긴 타원형으로서 겉에 털이 있으며, 내편은 긴 타원형이고 가장자리가 막질이다. 설상화관은 길이 5-7mm로서 황색이며 통상화관은 끝이 5개로 갈라진다.",9-10월,"[9, 10]",전국
190,28617,털머위,한결같은 마음,지금쯤에도 남녘 바닷가에 가면 바위틈에 노란 꽃의 털머위가 피어있을 텐데... 본격적인 겨울이 되기 전까지 가장 늦게까지 피어있는 야생화가 바로 이 털머위가 아닌가 싶다. 제주에서는 더 늦게까지 피며 초겨울에도 종종 노란 꽃을 볼 수 있다. 여기 중부지역에서는 바깥에서 추워 겨울에 잎은 죽고 뿌리만 남아 겨우 월동하지만 남부지역에서는 잎이 겨울동안 상록을 유지한다.,‘털머위’ 하면 보통 우리가 나물로 먹는 머위와 비슷한 식물을 연상한다. 하지만 이 둘은 과(국화과)는 같지만 집안이 전혀 다른 식물이다. 털머위는 세계적으로 우리나라를 포함 아시아 동부지역에 2종이 분포하고 있다. 흔히 실내정원용으로 이용되는 것은 무늬종으로 ''Argenteum''이라는 품종이다. ,"울릉도 및 제주도, 남해안 도서지방에 분포한다.","꽃은 9-10월에 피고 화경은 길이 30-75cm로서 곧추 자라며 포가 있고 머리모양꽃차례는 가지 끝에 1개씩 달려서 전체가 산방상으로 되며 지름 4-6cm이고 황색이다. 포편은 길이 12-15mm로서 1줄로 배열되며 연한 녹색이고 혀꽃은 길이 3-4cm, 나비 6mm이다.",9-10월,"[9, 10]",제주
191,30803,꽃향유,"조숙, 성숙",이름에서부터 향기가 물씬 묻어나는 꽃이다. 꽃이 아름다우면서 향기까지 강해 밀원식물로도 쓰인다. 꽃이 칫솔모양으로 한쪽방향만 보며 핀다. 꽃말처럼 4-5개월이면 포기가 큰 개체로 자란다.,"꿀풀과에 속하는 한해살이풀이다. 아시아를 중심으로 약 35종이 자생하고 있으며 우리나라에도 흰향유, 가는잎향유, 좀향유 등 4종이 전국에 분포한다.","한국, 만주에 분포한다.
제주도와 남부, 중부 산야에 자생한다.",꽃은 9-10월에 피고 분홍빛이 나는 자주색이며 많은 꽃이 빽빽하게 한쪽으로 치우쳐서 이삭꽃차례를 이루고 꽃차례는 길이 2-5cm로서 원줄기 끝과 가지 끝에 달리며 바로 밑에 잎이 있다. 포는 콩팥모양이고 끝이 갑자기 바늘처럼 뾰족해지며 자줏빛이 돌고 가장자리에 긴 털이 있으며 꽃받침은 통형이고 길이 1.5mm정도로서 5개로 갈라지며 털이 있다. 꽃부리는 길이 6mm정도로서 통상 순형이고 상순의 끝이 오목 들어가며 하순은 3개로 갈라지고 2강수술은 길게 나오며 길이 1cm정도이다.,9-10월,"[9, 10]",제주
192,24373,협죽도,"주의, 방심은 금물",꽃말처럼 줄기나 잎에 독성이 있어 문지르거나 혀로 깨물거나 하면 상당한 장해를 유발할 수 있어 방심은 금물이다. 봄에 꽃가루가 눈 속에 들어가면 심한 알레르기가 유발된다. ,"지구상에 단 한 두 종만 분포하는 귀한 식물이다. 지중해 연안부터 중국에 이르기까지 서식하고 있다. 상록성으로 키가 크지 않은 관목으로 자란다. 우리나라에는 자생하는 것은 인도원산이었던 것인데, 오래 전에 귀화된 것이다. 협죽도의 자식뻘로써 많첩협죽도(꽃이 풍부), 흰협죽도(꽃이 흰), 노랑협죽도(꽃이 노란) 등이 있다.","▶일본과 대만에도 분포한다.
▶제주도 및 남부 각지에서 재배한다.",꽃은 7-8월에 피고 지름 4-5cm로서 흔히 적색이지만 백색도 있으며 가지 끝에 취산꽃차례로 달리고 꽃자루가 있다. 꽃받침은 5개로 깊게 갈라지며 꽃잎은 윗부분이 5개로 갈라져서 수평으로 퍼지고 후부에 실같은 부속체가 있다. 수술은 5개로서 화통(花筒)에 달리며 꽃밥 끝에 털이 달린 실같은 부속체가 있다.,7-8월,"[7, 8]",제주
194,33919,백리향,향기,"밟고 지나가면 그 향이 신발에 묻어 백리까지 간다는 백리향, 섬백리향은 울릉도가 고향이다. 허브(타임)로도 개량되어 많은 사람들의 사랑을 받고 있다.",꿀풀과에 속하는 반관목의 낙엽수다. 유럽과 아시아 전역의 석회질토양이나 건조한 초원에서 350종이 자생한다.,"함경북도, 강원도, 경상남북도","꽃은 잎겨드랑이에 2~4개씩 달리지만 가지 끝부분에서 모여나기 때문에 짧은 수상으로 보이며, 꽃대는 길이 3mm로 털이 있고, 꽃받침은 길이 5mm로 10개의 늑맥이 5조각으로 갈라지며 위쪽 3개의 열편은 삼각형이고, 아래쪽 2개의 열편은 선형이다. 꽃부리는 분홍색이며 길이와 폭이 각 7~9mm × 5mm로 겉에 잔털과 샘이 있으며 6월 말~8월 개화한다.",6월 말~8월,"[6, 7, 8]",강원 경북 경남
195,37851,처녀치마,"기세, 활달 ","이름 때문에 참 궁금했던 식물이었다. 잎이 치마를 닮았다는 건지 아님 꽃이 그렇다는 건지도 궁금했고..., 나중에야 그 보라색 통꽃이 처녀들의 스커트처럼 생겼음을 알았다. 잎이 한 겨울을 제외하곤 거의 녹색을 띠고 있어 보기가 좋고 추위에 강해 전국에서 자란다는 것도 좋지만 특히 꽃 모양이 특이하면서도 아름답다. 작년 5월에 하얀 처녀치마를 보았다는 소문을 듣고 몇몇이 팀을 만들어 그 산에 올라 하얀 처녀치마를 찾던 기억이 생생하다.","백합과에 속하는 여러해살이풀이다. 처녀치마와 비슷한 것으로 우리나라엔 칠보처녀치마(수원 칠보산에서 처음 발견, 군락이 한때 있었으나 지금은 거의 찾아보기 힘듦, 경남 남해 금산에서도 발견)가 있다. 처녀치마의 꽃은 보라색이 보통이지만 지역에 따라 진한 자주색에서부터 흰색에 이르기까지 다양한 것 같다.","▶한국, 일본 등지에 분포한다.
▶전국의 산지에 분포한다.",꽃은 4월에 피고 3-10개가 총상으로 달리며 적자색이지만 핀 후에는 자록색이 돌고 꽃대는 높이가 10-30cm로서 포같은 잎이 달리며 새로운 잎이 방석처럼 밑부분의 옆에서 돋는다. 꽃자루는 열매가 익을 때는 길이 1.5-2㎝이고 화피열편은 6개로 거꿀피침모양이며 길이 1-1.5㎝이다. 수술은 6개이고 수술대는 화피보다 길다.,4월,[4],전국
198,31658,소나무,불로장수,"우리나라 사람들이 참 좋아하는 식물이다. 불로장수란 꽃말은 소나무의 수명이 수 백년이상으로 길기 때문에 붙여진 듯 하다. 소나무는 우리 민족을 상징하는 나무다. 애국가에도 나오고, 음료수, 차, 담배, 소나무떡 등 참으로 다양하다.","소나무과에 속하는 상록성 교목이다. 지구상에 120종 정도가 북반구에 널리 분포한다. 우리나라에 흔히 나는 젓나무, 구상나무, 가문비나무, 잎갈나무, 잣나무 등도 모두 이 소나무과에 속한다. 자식뻘 되는 변이종으로 밑 부분에서 굵은 가지가 갈라지는 &quot;반송&quot;, 밋밋하게 위로 자라는 &quot;금강소나무&quot;가 있다.",북부의 아고산지대와 산 정상부를 제외한 전국의 산지에 자생 및 식재,"개화기는 5월, 암수한그루, 수꽃은 타원형으로 새가지 끝에 달리며, 황색이고, 길이는 3.7~5.8mm이다. 암꽃은 난형이며, 수꽃차례 위에 1~4개가 달린다. 연한 자주색이며, 길이는 3.1~5.5mm이다. 화분은 장구형이고, 크기는 45~50㎛ 정도이며, 표면은 과립상이다. 화분체 양옆으로 기낭이 달린다.",5월,[5],전국
202,25660,백량금,"가치, 사랑",뭉툭한 톱니같은 잎 가장자리와 빨간 열매가 눈길을 확 끈다. 열매를 보면 백량은 훨씬 넘고 천량이나 만량은 족히 되어 보이는 식물이다. 자랑스런 우리 자생식물 중 하나다.,"자금우과에 속하는 상록관목이다. 전 세계적으로 250종이 아시아, 호주, 미국의 열대 및 아온대지역의 습기가 많은 숲속에 자생한다. 유사종으로 제주에 왕백량금이 있다.","중국, 대만, 인도, 말레이시아, 필리핀, 베트남, 일본; 전라남도 홍도, 경상남도 및 제주도.","꽃은암수한꽃으로 꽃차례 가지 끝에 산형 또는 복산형으로 달리며, 꽃부리 지름은 8mm로 흰색이며, 끝이 수레바퀴모양으로 갈라지며, 열편은 달걀형 첨두로 검은색 점이 있고,  꽃받침은 달걀형 첨두로 수술대는 거의 없다. 6~8월 ",6~8월,"[6, 7, 8]",전남 경남 제주
203,25645,자금우,정열,"백량금, 산호수 그리고 자금우, 이 셋은 한 집안 식구(자금우과)이면서 대표적인 우리 자생식물이다. 고향이 따뜻한 남쪽이라 중부이북에서는 밖에서 월동하지 못하기 때문에 일찌감치 실내식물로 개발되어 많이 쓰이고 있는 효자품목이다. 남쪽에서는 화단용으로 아주 좋은 소재이다. 세 가지 다 꽃은 작아 별 볼품이 없지만 빨갛게 달리는 열매가 포인트이다. 9월에 달려 이듬해 4월까지 오랜 기간동안 매달려 있다.","지구상에는 250종 정도의 형제들이 온대남부나 아열대의 수분이 있는 삼림 하부에 자란다. 우리나라엔 제주, 전남, 경남 및 울릉도의 숲속에서 자생한다.","중국, 대만, 일본 / 전라남도 및 경상남도, 충청남도 및 경기도 해안. 울릉도, 제주도","꽃은 암수한꽃으로 6월에 개화하며, 우상모양꽃차례는 잎겨드랑이 또는 포의 겨드랑이에 달리며 밑으로 처지고 샘털이 있으며, 꽃대 길이는 10mm로 2 ~ 3개의 꽃이 달리며, 꽃받침조각은 달걀형 첨두로 연모가 있고, 꽃부리는 수레바퀴모양으로 흰색이며 5개로 갈라진 열편은 첨두로 검은색 점이 있다.",6월,[6],제주 경남 경기 충남 전남
206,22901,돈나무,"포용, 한결같은 관심","이름이 특이해서 한번 들으면 잘 잊혀지지 않는다. 돈이 달리는 나무?, 잎이 돌아나서? 돼지나무?... 그러나 이름 유래는 따로 있다. 이 나무의 줄기와 뿌리에서 나는 냄새 때문에(또는 열매가 갈라지면서 나오는 끈적끈적한 유액 때문에 파리들이 달라붙어서) 원래 똥나무로 불리다가 돈나무가 되었다. 다른 이름으로 &lsquo;섬음나무&rsquo;, &lsquo;갯똥나무&rsquo;, &lsquo;해동&rsquo;이 있다. 하지만 꽃에서는 &lsquo;금목서&rsquo;나 &lsquo;구골나무&rsquo; 꽃처럼 그윽하면서 좋은 향이 난다.",전형적인 한국의 자생식물로써 남부 해안 및 도서의 바위틈이나 양지바른 언덕에 사스레피나무 등과 어울려 흔히 자생한다. Pittosporum속 식물들은 지구상에 약 200종 정도 나는데 주로 호주지역에 많이 분포한다. 아시아에선 중국과 일본에도 난다.,"중국, 대만, 일본; 전라남도, 경상남도 섬지역, 제주도 바닷가.",5~6월로 가지 끝에 취산꽃차례로 달리며 꽃은 암수한꽃이고 향기가 있으며 흰색에서 노란색으로 변한다. 꽃받침조각은 달걀모양으로서 수술과 더불어 각 5개이며 꽃잎은 5개로서 주걱모양이다. 양성꽃이지만 숫나무에 있는 암술은 기능이 퇴화되어 있다.,5~6월,"[5, 6]",전남 경남 제주
207,27935,호자나무,공존,"추위에 약해 남쪽에서만 월동하지만 종종 분경작품 전시회에 출품되기도 하는 호자나무, 호랑이에게 자극을 줄만큼 단단한 가시가 일품이고 열매가 특히 아름답다. 가시와 꽃, 열매가 종종 꽃말처럼 동시에 난다.",꼭두서니과에 속하는 상록관목이다. 우리나라 제주도나 홍도의 숲속에 좀 마른 듯한 곳에 자생한다.,"태국, 인도, 중국, 일본; 전라남도 및 제주도.","꽃은 4월 ~ 5월에 피고 백색이며 길이 15mm로 잎겨드랑이에 1 ~ 2개씩 달리고, 꽃대가 짧으며 꽃받침 길이는 1.5mm이고 열편이 뾰족하다.  꽃부리는 통형으로 끝이 4갈래로 갈라지고 판통 안쪽에 털이 있으며 열편은 판통 길이의 1/6 ~ 1/5이다.",4월 ~ 5월,"[4, 5]",전남 제주
208,30318,죽절초,사랑의 열매,"빨간 열매가 인상적인 죽절초, 줄기가 대무나 마디를 닮아 붙여진 이름으로 고급 실내식물로 개발되고 있다. 추위에 약해 남부에서만 밖에서 월동한다.",홀아비꽃대과에 속하는 상록관목이다. 제주도 숲 속 반그늘진 곳에 자생한다.,"일본, 대만, 중국, 인도, 말레이시아; 제주도.",양성꽃으로 6 ~ 7월에 피고 연한 황록색이며 가지끝에서 나는 이삭꽃차례에 달리며 포는 끝까지 남아 있다. 꽃잎과 꽃받침 없으며 수술과 암술이 1개씩 있고  씨방 달걀모양이며 연한 녹색으로 수술은 씨방 어깨에서 수평으로 퍼진다.,6 ~ 7월,"[6, 7]",제주
209,37522,월귤,"반항심, 도전","<p>백두산, 설악산 등 북부 고산지대에서 자생하는 식물이다. 고산성이라 키가 크지 못해 바닥에 바짝 붙어 자라는 상록의 소관목이다. 백두산 정상에서 만난 사진 속 월귤들은 혹한의 추위에도 굳건하게 자라면서 당찬 기개를 느끼기 충분하였다.</p>
","<p>진달래과에 속하는 상록성의 작은 관목으로 키가 5-20cm 정도다. 땅들쭉, 월귤나무, 땃들쭉 등으로 불린다.</p>
","북반구 지역 / 한국(강원도 양양군, 인제군, 홍천군) ",꽃은 5-6월에 피며 가지 윗부분의 잎겨드랑이에서 나오는 총상꽃차례에 2-3개씩 달리고 포와 작은포가 있다. 꽃부리는 종(鐘) 모양이고 밑으로 처지며 길이 6-7mm이고 끝이 4개로 갈라지며 연한 홍색이고 수술은 10개이며 수술대에 털이 있다.,5-6월,"[5, 6]",강원
