id,name,native,flower
31608,향나무,"울릉도, 의성, 삼척, 영월 등에 자생 및 전국에 식재","개화기는 4월, 암수딴그루, 수꽃은 타원형이며, 길이 2.8~5.1mm이고, 연한 자갈색이며, 인편의 안쪽에 4~6개의 꽃밥이 있다. 암꽃은 구형이고, 길이는 1.5mm 정도이며, 밖에 4개의 황록색 인편이 있고, 안쪽에는 2쌍의 실편이 있다. 화분은 크기가 30μm 정도이며, 발아구는 화분립 표면에 렌즈형으로 발달하며, 화분체의 표면은 과립상의 돌기물들이 분포한다."
29259,나도풍란,일본 / 한국(전라남도 신안군) ,꽃은 6-8월에 피고 연한 녹백색이며 꽃대는 옆에서 나오고 길이 5-12cm로서 4-10개의 꽃이 총상으로 달린다. 포는 달걀모양이며 길이 4~5mm로서 끝이 둔하고 꽃받침조각은 긴 타원형이며 길이 11~13mm로서 끝이 둔하다. 꽃잎은 꽃받침보다 짧고 입술모양꽃부리는 꽃받침과 길이가 비슷하며 3개로 갈라지고 거꿀달걀모양에 원두이다. 측열편은 작고 중앙열편은 도란상 쐐기모양이며 끝이 둥글고 빗살같은 톱니가 있으며 측열편과 더불어 연한 홍색 반점이 있다. 거(距)는 통같고 안으로 굽는다.
29141,군자란,온실에서 널리 재배한다.,잎 사이에서 편평하고 굵은 꽃대가 나와 끝에 12-20개의 꽃이 위를 향해 산형으로 달린다. 꽃자루는 꽃대와 더불어 녹색이며 꽃은 넓은 깔때기 모양으로서 내면은 주홍색이고 목부분은 황색이다. 화피열편은 6개로서 외꽃덮이가 내꽃덮이보다 좁으며 뒷면 주맥은 짧은 판통과 더불어 녹색이고 수술은 6개이다. 온실에서는 3월부터 꽃이 피기 시작하며 분주 또는 종자로서 번식하지만 종자의 경우에는 꽃이 피기까지 4년이 걸린다.
31638,삼나무,"경남, 전남 이남 및 제주도 등에서 식재","개화기는 3월, 암수한그루, 수꽃은 타원형이다. 길이는 3.6~6.4(10)mm이고, 포에 4~5개의 꽃밥이 달린다. 암꽃은 구형이며, 뾰족한 자록색 포가 있다. 화분은 크기가 25~28μm 정도이고, 발아구가 뚜렷하게 원뿔형으로 1개가 발달한다. 화분체의 표면은 유두상 돌기물들이 분포한다.
"
29134,수선화,제주도에 분포한다. 관상용으로 재배한다.,"꽃은 12-3월에 피며 판통은 길이 18-20mm, 꽃대는 높이 20-40cm이고 포는 막질이며 길이 5-6.5cm이고 꽃봉오리를 감싸며 화경 끝에 5-6개의 꽃이 옆을 향해 달린다. 꽃자루는 길이 4-8cm이고 화피열편은 6개로서 둥글지만 끝이 뾰족하며 길이 14-15mm이고 백색이며 하부는 긴 통상이다. 덧꽃부리는 높이 4mm로서 황색이다. 수술은 6개가 덧꽃부리 밑에 붙어 있고 수술대는 길이 1mm이며 꽃밥은 길이 3mm로서 T자형으로 붙어 있다. 암술대는 덧꽃부리와 길이가 비슷하다. 씨방은 하위이며 녹색이고 3실이다."
29135,아마릴리스,온실에서 재배한다.,잎 사이에서 길이 30cm가량의 꽃대가 나온다. 꽃은 가꾸기에 따라서 다르지만 12월부터 피기 시작하며 짙은 적색 및 백색 바탕에 적색 무늬가 있거나 또는 적색 바탕에 백색 무늬가 있는 것이 많고 순백색의 것은 귀하다. 속이 빈 굵은 꽃대는 분백색이며 끝에 3-4개의 꽃이 밖을 향해 산형으로 달린다. 화피열편과 수술은 각 6개이고 암술은 1개이다.
26858,우묵사스레피,"중국과 대만,일본,인도 등지; 전라남도 및 경상남도 남쪽 해안과 섬.","꽃은 1 ~ 3개씩 달려 11월 중순에 피고, 지름 4 ~ 5mm로 연한 황록색이고 작은포는 둥글고 매우 작고 꽃받침조각은 2개이며 편원형이고 길이 1.5~2mm로서 털이 없으며 가장자리가 막질이고 꽃잎은 달걀형이며 길이 2mm이고 암술대는 길이 1mm이다."
25869,앵초,"한국, 일본, 중국 동부, 시베리아 등지에 분포한다.
전국 각처의 산지에 난다.",꽃은 4월에 피며 홍자색이고 꽃대는 높이 15-40cm로서 털이 있으며 끝에 7-20개의 꽃이 산형으로 달리고 총포조각은 피침형이며 꽃자루는 길이 2-3cm로서 돌기같은 털이 산생한다. 꽃받침은 통형이고 길이 8-12mm로서 5개로 갈라지며 열편은 피침형이고 끝이 뾰족하며 꽃받침 길이의 1/2-2/3이다. 꽃부리는 지름 2-3cm이고 판통은 길이 10-13mm로서 끝이 5개로 갈라져서 수평으로 퍼지며 끝이 파진다.
31797,치자나무,"일본, 오키나와, 대만, 중국; 남부지방에서 재배.",유백색의 꽃이 피며 독특한 향기를 풍기는 매력있는 화목이다. 원예종에는 겹꽃이 있어 더욱 화려하지만 결실하지 않는다. 꽃은 6 ~ 7월에 피며 꽃받침은 능각이 있고 끝이 6~7개로 갈라지며 열편은 가늘고 길다. 꽃부리는 백색이며 열편은 6 ~ 7개로서 긴 거꿀달걀모양이고 둔두이며 수술은 6 ~ 7개이고 후부(喉部)에 달린다.
34734,팔손이,일본; 경상남도 남해도(미륵)와 거제도(맥도)에 분포.,"우상모양꽃차례는 가지 끝에 모여서 원뿔모양꽃차례를 이루며 길이와 폭이 각 20 ~ 40cm × 5 ~ 8cm이고, 꽃은 지름이 5mm로 유백색이며 5수이고, 꽃받침열편이 뚜렷하고, 10월 ~ 11월에 개화한다."
29264,파초,온실에서 재배한다.,꽃은 길이 6-7cm이며 여름철에 잎 속에서 꽃대가 자라고 잎같은 포 안에 15개 정도의 꽃이 2줄로 달리며 꽃이 피면 포가 떨어진다. 대형의 꽃차례는 점점 자라면서 밑부분에서 암꽃과 수꽃이 같이 피고 윗부분에는 수꽃만 달린다. 씨방은 하위이며 녹색이고 화피는 황백색이며 상하 2쪽으로 되고 윗부분은 내꽃덮이 3개와 내꽃덮이 2개가 합쳐져서 5개의 돌기로 되며 밑부분의 것은 내꽃덮이 1개가 주머니처럼 되고 그 속에 꿀이 들어 있다. 수술은 5개이며 꽃밥이 길고 암꽃에서 간혹 열매가 달린다.
23136,호랑가시나무,"중국 북부 ~ 남부 / 전라남북도, 제주도.","꽃은 암수딴그루 또는 잡성주로 4 ~ 5월에 피고 지름 7mm로 향기가 있으며, 우상모양꽃차례는 꽃이 5 ~ 6개씩 달리고 꽃대 길이 5 ~ 6mm로 털이 없다.  암술은 암술대가 없고 암술머리가 약간 높아져서 4갈래로 갈라진다."
28668,굴거리나무,"중국; 전라남북도, 제주도, 충청남도 안면도, 전북의 내장산, 울릉도에 분포.","꽃은 암수한그루로, 3 ~ 4월에 개화하며 녹색이 돌고, 화피가 없으며 길이 2.5cm의 총상꽃차례로 잎겨드랑이에 달리고, 수꽃은 8 ~ 10개의 수술이 있으며, 암꽃은 약간 둥근 씨방에 2개의 암술대가 있고, 헛수술 발달했다."
23130,꽝꽝나무,"중국, 대만, 일본; 제주도, 전라남북도, 경상남도.","꽃은 암수딴그루로, 7월 초에 개화하며, 수꽃은 짧은 총상 또는 복총상꽃차례로 3 ~ 7개씩 달리며 퇴화된 암술이 있으며, 암꽃은 잎겨드랑이에 1개씩 달리고, 꽃대가 길며 퇴화된 4개의 수술과 1개의 4실인 씨방이 있다."
30847,구상나무,"지리산, 덕유산, 가야산, 무등산, 한라산","개화기는 5~6월, 암수한그루, 수꽃은 타원형이며 길이는 약 10mm이다. 암꽃은 길이가 약 18mm이고 자주색 혹은 녹색이다. 화분은 크기가 90~100㎛ 정도이며 표면이 울퉁불퉁한 굴곡이 있으며 양쪽에 2개의 기낭이 있다."
40402,남천,"중국, 일본; 남부지방에 식재.","양성꽃으로서 6~7월에 피고 가지 끝에서 나오는 길이 20~30cm의 원뿔모양꽃차례에 달린다.꽃잎은 6매이고 희다. 꽃받침조각은 3수이고 다륜성으로 배열하며 꽃부리는 백색이며 지름 6mm이고 꿀샘은 3~6개, 수술은 6개이며 꽃밥은 황색이고 세로로 터진다. 씨방은 1개이며 암술대는 짧고 암술머리는 손바닥모양이다."
23369,냉이,"▶세계적으로 분포한다.
▶전국 각지에 야생한다.",5~6월에 원줄기 끝에서 백색의 십자모양꽃부리가 많이 달려 총상꽃차례를 형성하며 화경이 있다. 꽃부리는 소형이며 꽃받침조각은 4개로서 긴 타원형이고 길이 1mm정도이다. 꽃잎도 4개이며 거꿀달걀모양으로서 길이 2-2.5mm이고 넷긴수술과 1개의 암술이 있다.
26901,동백나무,"중국, 대만, 일본; 황해도, 충청남도, 전라남북도, 경상남북도, 제주도.",양성꽃으로 적색이고 잎겨드랑이 또는 가지 끝에 1개씩 달려 1월 ~ 3월에 피고 반 정도 벌어지며 작은포는 둥글고 겉에 짧은 백색 털이 있다. 꽃받침조각은 5개이며 길이 1~2cm로서 달걀형의 원형이고 꽃잎은 5~7개가 밑에서 합쳐지며 길이 3~5cm로서 수술과도 합쳐지고 수술은 노란색으로 90~100개가 있다. 꽃밥이 황색이고 씨방에 털이 없으며 암술대가 3개로 갈라진다. 4월에 많이 개화한다.
39626,레몬,전세계,"꽃은 5∼10월에 피고 잎겨드랑이에 하나씩 또는 몇 개씩 무리지어 달린다. 꽃봉오리는 붉은 색이고, 꽃의 안쪽은 흰색, 바깥쪽은 붉은빛이 강한 자주색을 띤다."
31326,산자고,"▶일본, 중국 등지에 분포한다.
▶제주, 전남(무등산, 백양산), 경기도(광릉) 등 중부이남에 야생한다.","꽃은 4-5월에 피고 길이 2-2.5cm로서 2-3개이며 꽃자루는 길이 2-4cm이다. 화피열편(花被裂片)은 6개이고 피침형이며 끝이 둔하고 길이 2-2.4cm로서 백색 바탕에 자주색 맥이 있다. 꽃은 백색으로 줄기끝에 한 송이 피는데, 위를 향해 벌어지고 넓은 종모양이다. 수술은 6개로서 화피 길이의 1/2정도이며 3개는 길고 3개는 짧다. 씨방은 녹색이며 세모가 지고 타원체로서 1개의 암술대가 있다."
42867,스위트피,재배종,"총상꽃차례는 잎겨드랑이에서 나오며 길이 20cm로서 끝에 2-4개의 꽃이 달리고 꽃은 5월에 피며 길이 2-3cm로서 접형이고 색은 붉은색, 흰색 등 여러가지이다. 꽃받침은 끝이 5개로 갈라지며 열편이 판통보다 길거나 비슷하다."
24242,복수초,"▶동부 시베리아, 중국 등지에 분포한다.
▶전국 각처의 산지에서 자란다.(제주도에서 함경도에 이르기까지 광활하게 자연분포한다)",꽃은 4월 초순에 피며 지름 3-4cm정도의 황색이고 원줄기 끝에 1개씩 달리며 가지가 갈라져서 2-3개씩 피는 것도 있다. 꽃받침조각은 흑자색으로서 여러 개이고 꽃잎은 20-30개로서 꽃받침보다 길며 수평으로 퍼지고 거꿀피침모양이고 꽃잎에 꿀샘이 없으므로 별개의 속으로 분류된다. 수술은 많으며 꽃밥은 전체가 둥글게 보이고 짧은 털이 있다.
29688,솜나물,"전도에 나며 일본, 만주, 중국, 아무르, 우수리, 사할린, 몽고, 동시베리아에 분포한다.",꽃은 5~9월에 백색 또는 연한 자색으로 피고 지름 15mm 정도의 머리모양꽃차례가 화경 끝에 1개 달린다. 머리모양꽃차례는 2형이며 봄형은 혀꽃으로 꽃잎 끝에 3치가 있고 기부에 작은 2개의 열편이 있다. 가을형은 많은 것이 닫힌꽃이고 화경도 높이 30~60cm이며 총포도 길이 15mm 내외이다. 화경은 높이 10~20cm이며 부채모양 포가 드문드문 나고 처음에는 거미줄 같은 털이 있다.
31246,골담초,제주도 및 전국에 분포한다.,"꽃은 5월에 피고 단생하며 길이가 2.5~3m로서 처음에는 황색으로 피어 후에 적황색으로 변하고, 아래로 늘어져 핀다. 화경은 길이 1cm 정도로 중앙부에 한 개의 환절이 있다. 꽃받침은 종 모양으로 갈색 털이 약간 있다. 기꽃잎은 좁고 긴 거꿀달걀모양이며 미요두이고 상반부는 황적색, 하반부는 연한 황색이며 날개꽃잎은 황색이고 용골꽃잎은 연한 황색 또는 연한 황갈색이다."
33762,제라늄, ,여름철에 잎보다 긴 화경이 자라서 끝에 꽃자루가 있는 꽃이 산형으로 달리며 꽃봉오리가 밑으로 처졌다가 위를 향해 피고 꽃의 빛깔은 품종에 따라 여러가지가 있다. 꽃받침은 5개로 깊이 갈라지며 꽃잎도 5개이고 수술은 10개이며 씨방은 1개로서 5실이다.
30103,끈끈이주걱,"일본, 중국, 대만, 러시아 / 한국(전역) ",꽃대는 잎 중앙에서 높이 6-30cm정도 자라며 털이 없고 꽃은 7월에 피며 백색이고 윗부분에 한쪽으로 치우쳐서 총상으로 달린다. 꽃받침은 5개로 깊게 갈라지며 열편은 긴 타원형으로서 가장자리에 샘털이 있고 꽃잎은 5개로서 거꿀달걀모양 비슷하며 길이 4-6mm이다. 수술은 5개이고 암술대는 3개로서 다시 2개씩 갈라지며 씨방은 상위이다.
30309,너도밤나무,중국 내륙; 한국(경상북도 울릉군) ,암수한그루로 꽃은 5월에 피고 새가지에 달리며 수꽃은 두상으로 모여 달리고 화경은 길이 2.5㎝로서 털이 나 있다. 암꽃은 2개씩 피는데 4~6개의 화피가 합쳐져 있고 암술대는 3개이며 씨방은 3실로서 각각 2개의 밑씨가 들어 있으나 1개만 익는다.
31527,탱자나무,중국; 경기도 이남 식재.,"꽃은 5월 ~ 6월에 피고 백색으로 가지 끝 또는 잎겨드랑이 1개 또는 2개씩 달리며, 꽃받침조각과 꽃잎은 각 5개가 떨어져 있고, 수술은 20개로 많으며 털은 없고 씨방은 8~10실로 나뉘고 밀모가 있다."
26483,깽깽이풀,"중국, 러시아 / 한국(경기도; 강원도; 충청북도; 전라남도; 경상북도; 경상남도)",꽃은 4-5월에 피고 지름 2cm로서 홍자색이며 1-2개의 꽃대가 잎보다 먼저 나와 끝에 꽃이 1개씩 달린다. 꽃받침조각은 4개이고 피침형이며 꽃잎은 6-8개로서 거꿀달걀모양이고 옆으로 퍼지며 8개의 수술과 1개의 암술이 있다.
27314,솜다리,한국(금강산; 한라산) ,"꽃대와 무화경(無花莖)이 모여나기하며 화경은 높이 15-25cm로서 면모로 싸여 있고 때로 회백색이다. 포는 드물게 달리고 긴 타원형이며 길이 10-25mm, 나비 4-7mm로서 백색 털이 밀생하고 다소 누른빛이 돈다. 머리모양꽃차례는 잡성으로서 8-16개가 두상으로 달리며 花莖(화경)은 길이 1-20mm이고 포편은 3줄로 배열되며 가장자리가 흑색익 뒷면에 털이 밀생한다."
28542,우산나물,"▶일본, 중국에 분포한다.
▶전국의 야산에서부터 표고 1.000m씩 되는 고산지대까지 수림밑의 반그늘진 습한 곳에 군락을 이루며 자생한다.","꽃은 6-9월에 피며 지름 8-10mm로서 원뿔모양꽃차례를 이루며 화경은 길이 3-10mm로서 털이 있으며 포는 길이 1.5-3mm로서 피침형이다. 총포는 원통형이고 길이 9-10(때로는 7)mm이며 포편은 5개, 낱꽃은 7-13개이며 꽃부리는 길이 9-10mm로서 끝이 5개로 갈라진다."
27629,갯버들,"중국, 일본, 러시아(우수리); 우리나라 전국에 걸쳐 표고 100 ~ 1,800m 사이에 자생",꽃은 잎보다 먼저 3~4월에 피며 전년지에 액생하고 암수딴그루이며 유이꽃차례로 달린다. 수꽃차례는 길이 3~3.5cm로서 꽃대축에 털이 있고 포는 달걀모양으로 첨두이며상반부는 흑색으로서 털이 있고 꿀샘은 1개이며 수술은 2개가 완전히 동합한다. 암꽃차례는 길이 2~5(7)cm로서 꽃대축에 털이 있고 포는 난상 긴 타원형으로서 털이 있으며 꿀샘은 1개이고 적색이다. 암술머리는 4개이고 1개의 꿀샘이 있다. 씨방에 긴 털이 있다.
27617,버드나무,"전국 산야의 표고 50 ~ 1,300m 사이에 자생","암수딴그루로서 꽃은 4월에 피고 수꽃차례는 길이 1~2cm로서 꽃대축에 털이 있으며 포는 타원형이고, 길이 1.5mm정도로서 견모가 밀생하며 꿀샘과 수술이 각각 2개이고 수술대 밑에 털이 있다. 암꽃차례는 길이 1~2cm이며 꽃대축에 털이 있고 포는 녹색으로서 달걀모양이며 털이 있고 꿀샘은 1~2개이다. 씨방은 달걀모양으로서 대가 없으며 털이 있고 암술대는 약간 길며 암술머리는 4개이다. 꽃이 빽빽이 있다."
28343,벚나무,"중국, 일본 / 함경남북도 등을 제외하고 전국에 분포, 강원도에 가끔 발견.","꽃은 4월 중순 ~ 5월 초에 개화하고, 연한 홍색 또는 거의 백색으로, 산방 또는 우상모양꽃차례에 2 ~ 5개씩 달리고, 꽃대축에 포가 있으며, 작은꽃대에는 털이 없다.   꽃받침통은 털이 없고, 열편은 달걀꼴 예두이고, 암술대에는 털이 없다."
26093,산수유,경기도와 강원도 이남에서 널리 식재.,"암수한꽃으로 3 ~ 4월 잎보다 먼저 개화하고 노란색이며 지름이 4 ~ 5mm이고, 우상모양꽃차례에 20 ~ 30개의 꽃이 달린다.  총포조각은 4개이고 노란색이며 길이 6 ~ 8mm로, 타원형 예두이고, 꽃대 길이는 6 ~ 10mm이며, 꽃받침조각은 4개로 꽃받침통에 털이 있고, 꽃잎은 피침상 삼각형이며 길이 2mm이다."
29050,서향,중국; 남부지방에서 식재.,"꽃은 암수딴그루로 3 ~ 4월에 개화하며 백색 또는 홍자색으로 향기가 있고, 전년지 끝에 십자모양꽃부리의 잔꽃이 10 ~ 20 송이씩 두상으로 뭉쳐 달리며, 꽃받침은 통 같고 길이 1cm로 끝이 4갈래로 갈라지며 열편은 길이 6mm로, 겉은 붉은 보라색이며 안쪽은 흰색이고, 수술은 2줄로 배열되며 꽃받침통에 달려있다."
26364,히어리,"일본; 전라남도 지리산, 백운산, 경기도 수원과 포천 백운산 지역등에 분포.","꽃은 3월 말 ~ 4월 중에 밝은 노란색으로 피고 총상꽃차례로 달려 늘어지고 화기에 꽃대축은 길이 3~4cm이고 8~12개의 꽃이 달린다. 꽃받침조각과 꽃잎, 수술은  각각 5개이고 털이 없으며, 꽃잎은 거꿀달걀형이고 예저이며 작은 오목형 또는 둔두이다. 기부의 포는 장란형으로 막질이고 양면에 견모가 있으며 꽃의 포는 장란형으로 내면과 가장자리에 융털이 있다. "
24668,유채,"한국(제주와 남부지방), 일본, 중국 등지","꽃은 3∼4월에 원뿔모양꽃차례를 이루며 가지 끝에 달린다. 약 10cm 길이의 꽃대를 가진 홑꽃이 핀다. 꽃잎은 끝이 거꿀달걀모양이고 길이 10mm이며, 6개의 수술 중 4개는 길고 2개는 짧으며, 암술은 1개이다. 꽃받침조각은 피침형의 배같고 4개로 갈라지며 길이 6mm이다. 성숙한 이삭 길이는 가지의 위치, 재식방법, 품종 등에 따라 다르나 대개 35∼45cm이고 한 이삭에 30∼40개의 열매가 달린다."
39683,남산제비꽃,"전도에 나며 일본, 만주, 우수리에 분포한다.",꽃은 4~6월에 백색으로 피고 잎 사이에서 화경이 나와 1개씩 달리며 중앙이하에 포가 있다. 꽃은 좌우 상칭이고 5수성이며 꽃잎에 자주색 맥이 있고 측판에 털이 다소 있으며 꽃받침의 부속체는 4각형 비슷하고 끝에 약간의 톱니가 있으며 거는 짧은 원통형이다.
27147,조팝나무,중국 중부 ~ 남부에 분포; 함경남북도를 제외한 전국 분포.,"꽃은 우상모양꽃차례로 윗부분의 짧은 가지에서 4 ~ 6개의 꽃이 달리고 4월 말 ~ 5월 말에 핀다.  작은꽃대 길이는 1.5cm로 털이 없으며, 꽃받침조각은 5개로 첨두이고 안쪽에 면모가 있으며, 꽃잎은 백색으로 5개이고 거꿀달걀형 또는 타원이며 길이가 4 ~ 6mm이고 암술대는 수술보다 짧다."
26055,진달래,"중국, 내몽고, 일본, 극동러시아; 전국 분포(저지대부터 아고산).","꽃은 3월 말 ~ 4월 말 개화하며 잎보다 먼저 피고, 꽃부리는 벌어진 깔때기모양이고 지름이 3 ~ 4.5cm로 보랏빛의 붉은색 또는 연한 붉은색이고, 겉에 잔털이 있다."
28145,양지꽃,"한국, 일본에 분포한다.
전국의 산야에 자생한다.","개화기는 4~6월이며, 화경이 길게 자라 그 끝에서 집산상으로 황색 꽃이 핀다. 꽃의 직경은 15~20mm로 꽃받침의 길이보다 1.5~2배 정도 길다. 꽃받침의 조각은 5개이고, 끝이 뾰족하며 부꽃받침은 꽃받침과 크기가 같거나 작다. 꽃잎은 도란상 원형이고, 약간 끝이 오목하다. 꽃턱에는 털이 있다. 암술과 수술은 여러 개이다."
28560,솜방망이,"▶한국, 일본 등지에 분포한다.
▶전국에 분포한다.","꽃은 5-6월에 피고 지름 3-4cm로서 3-9개가 산방상 또는 산형 비슷하게 달리며 화경은 길이 1.5~5cm로서 백색 털로 덮여 있다. 총포는 통형이고 길이 8mm, 폭 11mm이며 비늘잎은 끝이 뾰족한 피침형이고, 혀꽃은 1줄로 배열되는데 길이가 12-16mm, 폭은 2~3mm로 황색이다."
21703,팬지,국내 각지에서 관상용으로 재배한다.,"4~5월에 자색, 황색, 백색의 꽃이 같이 피며 잎겨드랑이에서 긴 화경이 나와 그 끝에 한개의 꽃이 옆을 향해 달린다. 꽃받침조각은 5개로서 녹색이고 꽃잎도 5개로서 둥글며 옆으로 퍼지고 고깔부가 짧으며 5개의 수술과 1개의 암술이 있다."
29587,황매화,"▶일본, 중국에도 분포한다.
▶전국 각지에 분포한다.",꽃은 완전화로서 가지 끝에 1개씩 피며 지름 3-4cm이고 황색이며 측지끝에서 잎과 같이 피고 꽃자루는 길이 2cm에 달한다. 꽃받침조각은 5개이고 달걀모양 첨두로서 털이 없으며 잔톱니가 있고 꽃잎은 5개이며 달걀모양 또는 난상 원형이고 수술은 많으며 암술대와 길이가 비슷하고 심피는 5개(간혹 8개)이며 4-5월에 개화한다.
36738,히아신스,관상용으로 재배하고 있다.,이른 봄 잎사이에서 꽃대가 자라 잎보다 약간 길어지며 윗부분에 꽃이 총상으로 달린다. 꽃은 옆을 향하고 깔대기 모양이며 지름 2-3㎝로서 청자색이지만 다양하다. 화피 윗부분은 6개로 갈라지고 열편은 육질이며 수평으로 벌어진다. 수술은 6개로서 판통 위쪽에 붙지만 밖으로 나타나지 않는다.
26466,피나물,"▶한국, 만주, 일본 등지에 분포한다.
▶경기도 이북 산지에서 자생한다.","4~5월에 선명한 황색 꽃이 피며, 원줄기 끝의 잎겨드랑이에서 1~3개의 긴 화경 (花莖)이 나오고 끝에 1송이씩 달린다. 화경에 몇 개의 잎이 달린다. 꽃받침조각은 2개로 달걀모양이며 길이 16mm 정도로서 일찍 떨어지고 꽃잎은 4개이며 난상 원형이고 길이 2.5cm로서 윤채가 있는 황색이며 그 속에 많은 수술과 1개의 암술이 있다."
29034,삼지닥나무,"전라남도, 경상남도 및 제주도에 식재.","가을철 잎이 떨어질 무렵에 가지 끝에서 1~2개의 꽃봉오리가 생기고, 4월에 잎보다 먼저 둥글게 모여 피고 노랑색으로 길이는 1cm이며, 꽃받침은 통형이며 4개로 갈라지고, 길이 12 ~ 14mm로 겉에 흰색의 잔털있으며, 열편은 타원형이고 길이는 5mm이다. "
22938,노루귀,"전국 각지에서 자란다.-- 제주, 서울(북한산), 전남, 전북(덕유산), 경남, 충남(계룡산), 충북, 강원, 경기(광릉, 가평, 와야산, 천마산), 평북 함남에 야생한다.","꽃은 4월에 아직 잎이 나오기 전에 피며 지름 1.5cm정도로서 백색 또는 연한 분홍색이고 화경은 길이 6-12cm로서 긴 털이 있으며 끝에 1개의 꽃이 위를 향해 핀다. 총포는 3개이고 달걀모양이며 길이 8mm, 폭 4mm로서 녹색이고 백색털이 밀생하며 꽃받침조각은 6-8개이고 긴 타원형이며 꽃잎같다. 꽃잎은 없고 수술과 암술은 많으며 황색이고 씨방에 털이 있다."
30528,미선나무,"충청북도, 전라북도 지역 전석지, 한반도 고유종.","꽃은 전년도에 형성되었다가 잎보다 먼저 피며, 총상꽃차례로 꽃은 자주색이며 길이는 3 ~ 4mm이다. 꽃받침은 종상 사각형으로 떨어지지 않고 길이는 3 ~ 3.5mm이고, 열편은 4개이며 꽃부리는 꽃받침보다 길며 흰색, 연한 노란색 또는 약간 붉은색 등으로 3월 중순 ~ 4월 초순에 개화한다."
22924,할미꽃,전국 각처의 산야에 분포한다.(제주도를 제외한 한반도 전역에 분포),"꽃은 4월에 피고 높이 30-40cm의 꽃대가 나와 끝에 1개의 꽃이 밑을 향해 달리며 작은포 는 화경 윗부분에 달리고 3-4개로서 다시 잘게 갈라지며 겉에 화경과 더불어 긴 백색털이 밀생한다. 꽃받침 열편은   6개이고 긴 타원형이며 길이 35mm, 폭 12mm로서 겉에 명주실같은 백색 털이 밀생하나 안쪽에는 털이 없으며 적자색이다."
37868,얼레지,"▶한국, 일본, 중국 등지에 분포한다.
▶전국의 주로 높은 산악지대에서 자란다.","봄철에 길이 25cm의 꽃대가 나오고 그 밑부분에 2개의 잎이 지면 가까이에 달린다. 꽃은 4월에 피며 화경끝에 1개의 꽃이 밑을 향해 달린다. 꽃잎은 6개이고 피침형이며 길이 5-6㎝, 폭 5-10mm로서 뒤로 말리고 자주색이지만 안쪽 밑부분에 더욱 짙은 W자형의 무늬가 있다. 수술은 6개이며 길이가 서로 같지 않고 꽃밥은 자주색이며 길이 6-8mm로서 넓은 선형이고 암술머리는 3개로 갈라진다."
33237,각시붓꽃,전국의 산지에 분포하고 중국 동부와 일본 남부에 분포한다.,"꽃은 4~5월에 피고 꽃대 선단에 지름 3.5-4cm로서 자주색이며 판통은 길이 4-6cm이고 화경은 높이 5-15cm로서 4-5개의 포가 있으나 가장 위의 포에서 1개의 꽃이 핀다. 포는 녹색이며 길이 4~6cm로서 선형이고 예첨두이며 꽃자루는 길이 8mm로서 씨방보다 길다. 외꽃덮이는 좁은 거꿀달걀모양이고, 중앙부에 두드러진 돌기가 없으며 밑부분이 뾰족하고 내꽃덮이는 곧추서며 약간 짧다. 꽃밥은 황색이고, 길이 4mm로서 수술대보다 짧으며 암술대는 3개로 갈라진 다음 다시 끝이 2개로 깊게 갈라진다."
27997,바람꽃,"일본, 중국, 러시아, 미국, 유럽 / 한국(강원도 속초시, 양양군, 인제군) ",꽃은 7-8월에 피고 백색이며 화경은 1-4개이고 꽃자루는 5-6개가 산형으로 나와 꽃이 1개씩 달린다. 꽃받침조각은 5-7개이며 길이 12-15mm로서 달걀모양 또는 타원형이다. 총포조각은 길이 2-4cm로서 선형으로 갈라진다.
30525,개나리,평안남도 이남 전역에 식재.,"꽃은 3월 ~ 4월에 피고 밝은 노란색이며 잎겨드랑이에 1 ~ 3개씩 달리고, 꽃받침은 4갈래로 갈라지며,  꽃부리 길이는 1.5 ~ 2.5cm로 깊게 4개로 갈라진다."
37874,애기나리,중부 이남의 산지에 분포한다.,꽃은 4-5월에 피며 가지끝에 1~2개의 연한 녹색꽃이 밑을 향해 달리고 꽃자루는 길이 1-2cm이며 꽃잎은 길이 15-18mm로서 6개가 비스듬히 퍼지고 끝이 날카로운 피침형으로 된다. 수술은 6개로서 화피밑에 달리며 수술대는 길이 5-6mm이고 편평하며 기부가 넓다. 꽃밥은 황색이고 수술대 길이의 약 1/2이며 긴 타원형이고 씨방은 달걀모양으로서 3실이고 암술대는 길이 5-7mm로서 끝이 3개로 갈라지며 암술머리는 3개이다.
24143,금낭화,"▶한국, 중국 등지에 분포한다.
▶천마산, 가평, 설악산 등지의 중부지역 산지에서 자생한다.","꽃은 5-6월에 피며 연한 홍색이고 길이 2.7~3cm, 폭 1.8~2cm로서 밑부분이 심장저이며 원줄기 끝의 총상꽃차례에 한쪽으로 치우쳐서 주렁주렁 달리고 꽃차례는 원줄기 끝에서 발달하여 길이20~30cm로 활처럼 굽는다. 꽃받침조각은 2개로 피침형이며 끝이 둔하고 길이 6~7mm로서 빨리 떨어지며, 꽃잎은 4개가 모여 편평한 심장형으로 되고 바깥 꽃잎 2개는 길이 2cm 정도로서 밑 부분이 주머니 같은 거(距)로 되며 끝이 좁아져서 바깥쪽으로 젖혀지고 안쪽 꽃잎 2개는 합쳐져서 돌기처럼 되며 길이 2.5cm 정도로 백색이다. 수술은 6개가 양체(兩體)로 갈라지고 암술은 1개이다."
28944,매실나무,"▶일본, 대만, 중국에도 분포한다.
▶전남, 전북, 경남, 충남, 충북, 경기, 황해도에서 야생 또는 재배한다.",백색 또는 담홍색으로 4월에 잎보다 먼저 피고 전년도 잎겨드랑이에 1-3개씩 달리며 화경이 거의 없다. 지름 2.5㎝내외로 향기가 강하고 색깔이 다양한데 기본종은 분홍색이다. 꽃받침은 5개로 자갈색의 타원형이며 원두이다. 꽃잎은 넓은 거꿀달걀모양으로 끝이 둥글고 많은 수술이 울타리처럼 1개의 암술을 보호하고 있다. 씨방에 밀모(密毛)가 나 있다.
27785,천남성,한반도 전역,꽃은 5∼7월에 피고 육수꽃차례로 달린다. 불염포는 판통의 길이 8cm 정도이고 녹색이며 윗부분이 모자처럼 앞으로 꼬부라지고 난상 장타원형으로 끝이 뾰족하다. 꽃차례의 부속체는 곤봉형이다.
23641,목련,"일본; 제주도 숲속 자생, 전국 식재.","양성꽃으로서 3~4월 중순부터 잎이 나오기 전에 피고 지름 10cm정도이며 6개의 꽃잎은 백색(백목련은 9개)이지만 기부는 연한 붉은색이고(백목련도 백색이나 기부에 담홍색은 없음) 향기가 있으며 길이 5~8cm정도로서 6~9개이고 긴 타원형이다. 꽃받침조각은 3개이며 선형이고 길이 1.5~2.5cm,폭 3~4㎜로서 일찍 떨어지며 수술은 30 ~ 40개이고 꽃밥과 수술대 뒷면이 적색이다. 암술의 꽃밥은 붉은 자주색을 띤다. 꽃이 활짝 피어 편평하게 펴져서 산만한 감을 준다. 보통 꽃의 기부에 1개의 어린잎이 붙어 있어(백목련은 없음) 백목련과 구별할 수가 있다."
39881,박태기나무,중국; 관상용으로 널리 식재.,"꽃은 4월 하순에 잎보다 먼저 피며 길이 1.2 ~ 1.8cm로 홍자색이며, 7 ~ 8개(20 ~ 30개)씩 우상모양꽃차례를 이루고, 꽃대가 없으며 작은꽃대의 길이는 6 ~ 15mm로,  2/3 정도에 마디가 있어 부러지며 기꽃잎은 길이 8 ~ 10mm이고, 용골꽃잎은 나비 5mm이다.  수술 연한 붉은색으로, 길이는 10 ~ 12mm이다."
33608,배나무,"일본 원산, 전국 식재.","꽃은 5월에 피며 백색이고 양성꽃이며, 총상꽃차례를 이룬다.  꽃차례는 털이 없거나 면모가 있고 꽃은 지름 3cm정도이며 꽃받침조각은 긴 점첨두이고 꽃잎은 난상 원형이며 암술대는 4~5개로서 털이 없다."
31180,명자꽃,경상도와 황해도 이남 지방에서 자란다.,"꽃은 단성꽃으로 지름 2.5-3.5㎝이며 짧은 가지에 1개 또는 여러개가 달리며 수꽃의 씨방은 여위고 자성화의 씨방은 살이 찌며 크게 자라고 꽃자루가 짭다. 꽃은 4월에서 5월까지 계속 피고, 꽃받침은 짧으며 종형 또는 통형이고 5개로 갈라지며 열편은 원두이고 꽃잎은 5개로서 원형, 거꿀달걀모양 또는 타원형이며 밑부분이 뾰족하고 백색,분홍색, 빨강색의 3가지 색이 조화를 이룬다. 수술은 30-50개이고 수술대는 털이 없으며 암술대는 5개이고 밑부분에 잔털이 있다."
27668,수양버들,"중국 고유종; 세계 도처에 식재, 우리나라 전국 식재.",꽃은 암수딴그루(간혹 암수한그루)로 4월에 잎과 같이 황록색으로 피고 수꽃차례는 길이 1 ~ 2cm로서 꽃대축에 털이 있으며 포는 타원형이고 길이 1.5mm로서 털이 있고 둔두이다.  꿀샘과 수술이 각각 2개씩이고 수술대에는 털이 있다. 암꽃차례 길이는 1 ~ 2cm로서 포 달걀꼴로 녹색이고  암술머리는 2개이고 오목형이 꿀샘은 1개이다.
23961,월계수,우리 나라는 경남과 전남에 식재한다.,"꽃은 암수딴그루로서 3-4월에 피며 봄철에 황색 꽃이 잎겨드랑이에 밀생하고 화경은 길이 7mm이다. 꽃덮이는 4개로 깊게 갈라지며 각 열편은 거꿀달걀모양이다. 수술은 8-14(보통 12)개이고 암술대는 짧으며 암술머리는 둥글다.
"
37180,자작나무,"일본, 중국, 동부 러시아; 평안북도, 함경남북도.","꽃은 암수한그루이며, 4 ~ 5월 초에 피고 수꽃차례는 짙은 붉은 노란색이고, 길이와 폭이 각 3 ~ 5cm × 0.8 ~ 1cm이며, 암꽃차례는 아래로 처진다.       "
27076,페튜니아,흔히 재배하고 있다.,"꽃은 온실에서 가꾼 것은 일찍 피고 모양, 크기 및 색이 품종에 따라서 다르며 꽃받침은 5개로 깊게 갈라지고 열편이 가늘며 길다. 꽃부리는 나팔 모양이고 지름 5-13cm로서 끝이 얕게 5개로 갈라진다."
26733,한련화, ,꽃은 6월에 피며 잎겨드랑이에서 긴 화경이 나와 그 끝에 1개의 꽃이 달리고 꽃받침과 꽃잎은 모두 황색 또는 적색이다. 꽃받침조각은 5개로서 밑부분이 합쳐지며 위쪽이 거로 되어 수평으로 자라고 꽃잎은 5개로서 밑의 3개는 끝이 둥글며 밑으로 좁아지고 가장자리에 털같은 동기가 있으나 위쪽의 2개는 돌기가 없다.
24233,동의나물,"제주를 제외한 전도에 나며 동시베리아, 아무르, 우수리, 만주, 중국, 일본, 캄차카에 분포한다.",꽃은 4~5월에 황색으로 피며 줄기 끝에 대개 2개씩 달리고 꽃자루는 5~11cm이다. 꽃은 꽃잎이 없고 5~6개의 꽃받침조각으로 되어 있으며 수술은 많다.
41902,회양목,"일본 /  평안남도 및 함경남도 이남 전 지역, 제주도, 남해 도서 지역에 분포. 석회암지대. ","꽃은 암수한그루로 3 ~ 4월에 개화하며 연한 황색으로 암수꽃이 몇 개씩 한 군데에 달리고 중앙부에 암꽃이 있고, 수꽃은 1 ~ 4개의 수술이 있으며, 수술대 길이는 5mm로 흰빛이 돌고, 꽃밥은 노란색이며 암꽃은 3개의 암술머리가 있는 삼각형의 씨방이 있다."
26407,돌단풍,중국 동북부 지역 / 충청도 이북지역에서 자란다.,"꽃대는 잎이 없고 5월에 비스듬히 자라서 높이가 30cm에 달하며 백색 바탕에 약간 붉은 빛이 도는 꽃이 원뿔모양꽃차례를 형성한다. 꽃받침조각, 꽃잎 및 수술은 각각 6개이고 꽃받침조각은 난상 긴 타원형이며 예두로서 흰빛이 돌고 꽃잎은 난상 피침형이며 예두로서 꽃받침보다 짧고 꽃받침과 더불어 뒤로 젖혀진다. 수술은 꽃잎보다 약간 짧으며 1개의 암술이 있다. 씨방은 반하위이고 2실이다."
31028,금어초,관상용으로 재배한다.,"가을에 뿌린 것은 4~5월, 봄에 뿌린 것은 5~7월에 개화하며 품종에 따라 가지각색이고 총상꽃차례는 원줄기 끝에 달리며 샘털이 있고 꽃자루가 짧다. 꽃받침은 5개로 갈라지며 꽃부리는 기부가 두툼한 입술모양이고 그 모양이 헤엄치는 금붕어같아 금어초라고 한다. 4개의 수술 중 2개가 짧다."
33241,노랑무늬붓꽃,"한국(강원도 강릉시, 영월군, 정선군, 태백시, 평창군, 홍천군; 충청북도 단양군; 경상북도 봉화군, 영덕군, 영양군, 영주시, 영천시, 청도군, 청송군, 포항시; 대구시 동구) ","꽃은 꽃대에 2송이씩 달리고, 지름이 3.5㎝가량이며 외꽃덮이는 흰 바탕의 안쪽에 노란 줄무늬가 있고, 내꽃덮이는 희며, 비스듬히 선다. 수술은 3개, 꽃밥은 분홍빛을 띤 녹색이다. 암술은 끝이 3갈래로 갈라지고 혀모양이다."
39686,꽃아까시나무,"북아메리카 원산, 전국 식재.","꽃은 5 ~ 6월에 피고 분홍색으로 3 ~ 7개씩 새가지 끝에 액생하는 총상꽃차례에 많이 달리며, 작은꽃대는 길고 굳센 적색 털이 밀생한다. 꽃받침은 뒷면이 연한 홍색이고 잔털이 있으며 열편이 뾰족하다. 기꽃잎은 거의 둥글고 미요두이며 날개꽃잎은 원두 이저이고 용골꽃잎은 끝이 위로 굽으며 둔두이다. 암술대는 위로 굽고 암술머리에 털이 밀생한다."
26035,철쭉,"중국 요동 남부, 내몽고, 극동러시아; 전국 분포.","꽃은 4월 말 ~ 6월 초에 개화하며, 잎과 더불어 피고 향기가 있으며 꽃부리는 연한 붉은색으로 지름이 5 ~ 8cm이고, 윗부분의 꽃잎은 적갈색 반점이 있고, 깔때기모양이다."
36318,당아욱,"유럽, 아시아, 한국(울릉도)","꽃은 5∼9월 잎겨드랑이에 작은 꽃대가 있는 꽃이 모여 달리며 밑에서부터 피어 올라가 총상꽃차례를 이룬다. 꽃잎은 5개로, 연한 자줏빛 바탕에 짙은 자줏빛 맥이 있는데, 품종에 따라 여러 가지 빛깔이 있다. 꽃받침은 녹색이고 5개로 갈라진다. 여러 개의 수술대가 한데 뭉쳐 있으며 암술은 실처럼 가늘고 많다. 심피는 바퀴 모양으로 배열하고 꽃받침에 싸여 있다. 길이는 1.5~3cm이고 너비는1.1~2.2cm이다."
23999,칠엽수,"일본, 전국 식재.","원뿔모양꽃차례는 가지 끝에 달리고, 길이와 폭이 각 15 ~ 25cm × 6 ~ 10cm로, 짧은 퍼진 털이 있으며, 꽃은 잡성주로 수꽃에 7개의 수술과, 1개의 퇴화된 암술이 있고, 암수한꽃은 7개의 수술과 1개의 암술이 있다.  꽃받침은 종형으로 불규칙하게 5갈래로 갈라지고 꽃잎은 4개로 갈라지며 6월에 개화한다."
31932,모란,중국 원산이지만 분포는 알려져 있지 않음. 각처에서 재배.,"꽃은 암수한꽃으로, 4 ~ 5월에 피며 10개 정도의 꽃잎이 있고 지름 15cm이상이고 새로 나온 가지끝에 크고 소담한 꽃이 한 송이씩 핀다. 꽃색은 자주색이 보통이나, 개량종에는 짙은 빨강, 분홍, 노랑, 흰빛, 보라 등 다양하며 홑겹 외에 겹꽃도 있다. 꽃턱이 주머니처럼 되어 씨방을 둘러싼다. 꽃받침조각은 5개이며 꽃잎은 8개 이상이고 크기와 형태가 같지 않으며 거꿀달걀형으로서 가장자리에 불규칙한 결각이 있다.수술은 많고 암술은 2~6개로서 털이 있으며, 꽃턱은 주머니처럼 되어 씨방을 둘러싼다."
32204,해당화,"중국, 일본, 러시아 사할린, 우수리, 캄차마, 북미 / 함경남북도, 황해도 ~ 충청남도, 강원도 등 해안가에 분포. 우리나라 전역 ",꽃은 5 ~ 7월에 새가지 끝에 피며 지름 6 ~ 9cm로 진한 분홍색이고 꽃받침통은 둥글고 열편은 피침형이며 꽃잎은 넓은 거꿀달걀형으로 끝이 오목하다.
31416,하늘나리,전국의 산야에서 흔히 자란다.,꽃은 6-7월에 피며 원줄기끝과 가지끝에 곧추 위를 향해 1-5개가 핀다. 화피열편은 6개이고 옆으로 퍼지며 길이 2-5cm로서 거꿀피침모양 둔두이고 짙은 황적색이지만 안쪽에 자주색 반점이 산포한다. 밀구(蜜溝)에 털이 없으며 돌기같은 점이 있고 암술대는 씨방과 길이가 비슷하며 꽃밥은 화피와 색이 같다.
28322,물푸레나무,일본; 전국 분포.,"꽃은 암수딴그루 또는 암수한꽃도 섞여있고 4월 중 ~ 5월 중에 피며, 원뿔모양꽃차례 또는 복총상꽃차례로 새가지의 잎겨드랑이에 달린다. 꽃받침은 4개로 갈라지거나 거의 밋밋하며 털이 없거나 잔털이 있고 수꽃은 2개의 수술과 꽃받침조각이 있으며 암꽃은 2 ~ 4개의 꽃잎과 수술 및 암술이 있고 꽃잎은 거꿀피침모양이다."
31159,붓꽃,"전도에 나며 일본, 만주, 아무르, 우수리, 몽고, 다후리아에 분포한다.",꽃은 5~6월에 자색으로 피고 화경 끝에 2~3개씩 달리며 지름 8cm 내외이고 꽃자루는 길이 2~4cm로 작은포보다는 짧으나 씨방보다 길며 포는 장 타원상 피침형으로 길이 5~6cm이다. 외꽃덮이조각은 넓은 거꿀달걀모양으로 퍼지고 조부는 황색 바탕에 자색 줄무늬가 있으며 내꽃덮이조각은 타원상 거꿀피침모양으로 길이 약 4cm이고 곧추 선다. 암술대의 열편 끝은 이열하고 톱니가 있으며 꽃밥은 암자색이다. 화경은 곧추 서고 높이 30~60cm이다.
37885,은방울꽃,"▶한국, 일본, 중국, 동시베리아에 분포한다.
▶전국 각처의 산지에 분포한다.",꽃은 백색이며 길이 6-8mm로서 종같고 끝이 6개로 갈라져서 뒤로 젖혀진다. 꽃대는 높이 20-35cm로서 잎보다 짧은 초상엽 안쪽에서 나오며 10개 정도의 꽃이 달린 꽃차례는 길이 5-10cm이다. 포는 막질이고 넓은 선형 또는 피침형이며 꽃자루보다 짧거나 같고 꽃자루는 길이 6-12mm로서 굽는다. 수술은 6개이며 꽃부리 밑부분에 붙어 있고 4-5월에 개화한다.
31934,작약,전국적으로 분포한다.,꽃은 5-6월에 피고 백색 또는 적색이며 원줄기 끝에 큰 꽃이 1송이씩 달리고 꽃받침조각은 5개로서 가장자리가 밋밋하며 녹색이고 끝까지 남아 있다. 꽃잎은 10개 정도로서 거꿀달걀모양이며 길이 5cm정도이고 수술은 많으며 황색이다. 씨방은 3-5개로서 털이 없고 짧은 암술머리가 뒤로 젖혀진다.
30006,용머리,"일본, 중국 / 한국(함경남도; 평안북도; 강원도 강릉시; 충청북도 단양군) ",꽃은 6-8월에 피며 자주색이고 순형화이며 줄기 끝에서 여러 개가 이삭꽃차례로 달린다. 이삭꽃차례는 길이가 2~5cm 정도로 짧다. 꽃받침은 길이 12-15mm로서 보통 퍼진 털이 있으며 굵은 맥이 도드라지고 거의 중앙까지 불규칙하게 5개로 갈라지며 열편 끝이 바늘처럼 뾰족하고 열편 사이가 도드라진다. 꽃부리는 길이 3-3.5cm로서 양순형이며 꽃밥과 더불어 겉에 털이 있고 판통이 갑자기 굵어지며 상순 끝이 약간 오목하고 하순이 3개로 갈라지며 중앙열편이 가장 크고 자주색 점이 있다.
27000,뻐꾹채,"▶한국, 중국, 소련, 몽고에 분포한다.
▶전국에 분포한다.","꽃은 6-8월에 피며 지름 6~9cm로서 원줄기 끝에 한 개씩 곧추 달리고 총포는 반구형이며 길이 3cm, 폭 5cm이고 포편은 6줄로 배열되며 외편과 중편은 주걱모양으로서 윗부분이 넓고 뒷면에 털이 약간 있으며 밑부분에 털이 많고 내편은 피침상 선형으로서 끝이 약간 넓다. 꽃부리는 길이 3cm이며 판통의 좁은 부분이 다른 부분보다 짧고 홍자색이다."
41348,산마늘,"일본, 중국, 러시아, 몽골 / 한국(강원도 삼척시, 속초시, 양구군, 영월군, 인제군, 정선군, 철원군, 태백시, 평창군, 홍천군; 경상남도 산청군) ",꽃은 5~7월에 피며 높이 40~70cm의 꽃대 끝에 우상모양꽃차례로 달린다. 포는 달걀모양으로 2개로 갈라지고 꽃자루는 길이 1.5~3cm이다. 화피는 긴 타원형으로서 길이 5~6mm이며 6장이다. 수술 및 암술대는 화피보다 길며 꽃밥은 노란빛을 띤 녹색이다. 
29079,카네이션,각지에서 재배하고 있다.,"꽃은 7-8월에 피지만 온실에서는 언제나 필 수 있도록 조절할 수 있으며 원줄기 윗부분의 잎겨드랑이와 끝에 1개 또는 2-3개씩 달리고 향기가 있다. 꽃받침은 넓은 원통형이며 끝이 짧게 5개로 갈라지고 작은포는 사각형이며 꽃받침 길이의 1/4정도이다. 꽃잎은 퍼진 부분이 거꿀달걀모양이고 끝부분이 얕게 갈라지며 윗부분에 털이 없고 수술은 10개, 암술대는 2개이다."
26453,노루오줌,"중국, 일본 쓰시마섬, 러시아 동북부, 인디아 / 전국의 산지에 분포한다.",꽃은 7-8월에 피고 홍자색이며 줄기끝에 원뿔모양꽃차례를 이룬다. 꽃차례는 길이 30cm정도로서 많은 꽃이 달리며 짧은 털이 있다. 꽃받침은 5개로 갈라지고 열편은 달걀모양이며 꽃잎은 5개로서 선형이고 수술은 10개이며 암술대는 2개이다.
23646,태산목,북아메리카; 남부지방에 식재.,양성꽃으로서 5~6월에 가지 끝에서 피며 백색이고 지름 12~15cm의 대륜화이며 짙은 향기를 풍긴다. 꽃받침조각은 3개이며 꽃잎보다 짧고 꽃잎은 6개이나 드물게 9~12개로서 넓은 거꿀달걀모양이며 수술은 많고 수술대는 자주색이다.
29076,패랭이꽃,"▶한국, 중국, 러시아 극동부에 분포한다.
▶전국의 산야에 자생한다.","꽃은 6-8월에 피며 줄기 끝부분에서 약간의 가지가 갈라져서 그 끝에서 한 개씩 핀다. 꽃받침은 원통형이며 길이가 2cm에 5개로 갈라지고, 그 밑에 작은포는 보통 4개, 꽃받침통과 길이가 같거나 1/2정도 된다. 꽃잎은 5개이고, 기부는 가늘게 길며, 판연 옆으로 퍼지고 가장자리가 얕게 갈라지며 바로 그 밑에 짙은 무늬와 더불어 긴 털이 약간 있다. 수술은 10개, 암술대는 2개이다."
42584,글라디올러스, ,여름철에 원줄기 끝에서 꽃차례가 자라 꽃이 한쪽으로 치우쳐서 달리며 밑에서부터 피어 올라가고 가지각색이며 밖을 향하고 밑부분이 작은포로 싸여있다. 포는 꽃이 1개씩 달리며 녹색이고 피침형으로서 뾰족하며 화피는 좌우대칭이고 지름 3-4㎝로서 6개로 갈라지며 각 열편은 난상 타원형이다. 외꽃덮이와 내꽃덮이는 거의 비슷한 크기이다. 판통은 깔대기같이 벌어지고 다소 굽으며 수술은 3개이고 한쪽에 배열되며 목부분에 붙어있다. 암술머리는 3개로 갈라지고 수술보다 다소
31396,섬말나리,중국 / 한국(경상북도 울릉군) ,꽃은 6-7월에 피고 원줄기끝과 가지끝에 1개씩 달려서 4-12개가 밑을 향해 핀다. 화피열편(花被裂片)은 6개이며 두꺼운 피침형 또는 거꿀피침모양이고 길이 3-4cm로서 붉은 빛이 도는 황색이며 안쪽에 검붉은색 반점이 있고 뒤로 말린다. 밀구(蜜溝)에 털이 없고 씨방이 암술대보다 짧다.
23870,꼬리조팝나무,"일본, 중국, 극동러시아 등 매우 넓게 분포 / 함경북도~ 강원도 남부, 경기도 및 황해도 일부, 제주도를 제외한 전국 분포.","꽃은 지름 5~ 8cm이며 5월 말~ 9월 중순에 줄기 끝에서 큰 원뿔모양꽃차례가 발달하고, 꽃대와 작은꽃대에 털이 많다.  꽃받침통은 거꿀원뿔모양으로, 5개로 갈라지며 각 열편은 달걀꼴 예두이고 꽃잎은 분홍색으로, 거꿀달걀모양의 원형이며 수술은 꽃잎보다 길다."
33256,꽃창포,"일본, 중국 / 한국(전역) ",꽃은 6-7월에 피고 원줄기 또는 가지 끝에 달리며 적자색이고 안쪽에 황색 줄이 있다. 꽃 밑부분은 갈색 엽초상의 포 2개가 씨방을 둘러싼다. 외꽃덮이는 3개이며 굵은 화경위에서 판연이 밑으로 처지고 타원형 원두로서 가장자리가 밋밋하며 맥이 있고 밑부분은 황색이다. 내꽃덮이는 3개이며 외꽃덮이와 어긋나기하여 곧추서고 피침형 둔두로서 가장자리가 밋밋하며 외꽃덮이 색과 같다. 암술대는 곧추서고 3개로 갈라지며 갈라진 끝에 곧은 삼각상의 열편이 있고 그 밑에 암술머리가 있다. 씨방은 연녹색이며 하위이다.
26390,도깨비부채,"일본, 중국 / 한국(중부 이북의 심산지역) ","꽃은 6-7월에 피며 황백색이고 취산형 원뿔모양꽃차례를 이루며, 꽃차례는 길이  20-40cm이고 젓꼭지모양의 털이 있으며 가지끝이 처음에는 말려 있다. 꽃받침조각은 4-8개이고 길이 2-4mm로서 수평으로 퍼지며 꽃잎은 없고 수술은 8-15개로서 꽃받침보다 다소 길며 암술대는 2개이다."
29115,동자꽃,"▶한국, 일본, 만주, 시베리아에 분포한다.
▶제주도와 울릉도를 제외한 전국 각지의 산지에서 자란다.","꽃은 7-8월에 피며 직경 4cm정도로서 진한 적색이고 원줄기 끝과 잎겨드랑이에서 꽃자루가 1개씩 자라 그 끝에 한송이씩 핀다. 꽃자루는 짧으며 털이 많고 꽃받침은 긴 통같으며 끝이 5개로 갈라지고 겉에 털이 나 있다. 꽃잎은 5개로 거꿀심장모양이고 밑부분이 길게 뾰족해지며 윗부분이 수평으로 퍼지면서 2개로 갈라지고, 각 열편의 가에는 거치가 있으며 목부분에 소열편이 2개씩 있고 양쪽 가장자리 밑에도 소열편이 1개씩 있으며 수술은 10개, 암술대는 5개이다."
25518,메꽃,"일본, 중국에 분포한다.
전국 각지에 야생한다.","꽃은 엷은 홍색으로 6-8월에 피고 잎겨드랑이에 1개씩 달리며 화경이 길고 그 끝에 큰 꽃이 핀다. 꽃받침 밑에 있는 2개의 포는 녹색이고 달걀모양이며 길이 2-2.5cm로서 밑부분이 약간 심장형으로 되고 꽃받침이 5개로 갈라진다. 꽃잎은 깔때기모양이고 길이 5-6cm, 지름 약 5cm이다. 5개의 수술과 1개의 암술이 있으며 꽃핀 후 보통 결실하지 않는다."
25380,미나리아재비,"▶일본, 만주, 중국, 대만에 분포하다.
▶전국 각지에 야생한다.",꽃은 6월에 피며 지름 12-20mm이고 취산상으로 갈라진 꽃자루에 1개씩 달리며 5개의 꽃받침조각은 타원형으로서 겉에 털이 있고 수평으로 퍼지며 안으로 오목해진다. 꽃잎도 5편으로서 꽃받침보다 2-2.5배 길고 도란상 원형이며 밑부분에 소비늘조각이 있고 윤채가 있으며 황색이고 기부에 1개의 꿀샘이 있다. 수술과 암술이 많고 암술대는 거의 없으며 꽃턱은 짧고 털이 없다.
30064,부들,"▶한국, 일본, 중국 등지에 분포한다.
▶전국적으로 분포한다.",꽃은 7월에 피고 웅화수는 윗부분에 달리며 길이는 3~10cm이고 자화수는 바로 밑에 달리며 길이 6~12cm이고 화수에 달린 포는 2~3개로서 일찍 떨어진다. 꽃에는 화피가 없으며 밑부분에 수염같은 털이 있고 수꽃은 황색으로서 화분이 서로 붙지 않는다. 암꽃은 작은포가 없으며 씨방에 대가 있고 암술머리는 주걱 비슷한 피침형으로서 씨방 밑에서 돋은 털과 길이가 비슷하다.
32646,분꽃,전국 각지에서 재배하며 중국에서도 재배한다.,"꽃은 6~10월에 피고 홍색, 백색, 황색 또는 여러 가지 색이 뒤섞여 피며 저녁때부터 아침에 걸쳐서 피고 향기가 있다. 취산꽃차례는 가지 끝에 달리며 꽃받침 같은 포는 녹색이고 5개로 갈라지며 꽃잎같은 꽃받침은 나팔꽃을 축소시킨 것같고 끝이 얕게 5개로 갈라진다. 5개의 수술은 밖으로 노출되며 수술대 밑이 반상(盤狀)이고 암술대가 길게 밖으로 나온다."
29371,수국,일본; 전국에 식재.,"꽃은 무성꽃이며 6 ~ 7월에 개화하고,  편평꽃차례는 크고 둥글며 지름 10 ~ 15cm로, 꽃받침조각은 4 ~ 5개이고 꽃잎모양이며 하늘색 또는 연한 붉은색으로 변한다.  암술은 퇴화되어 결실은 하지 못한다."
27155,딸기,전국 각지에서 재배한다.,꽃은 5-6월에 피며 지름 3cm로서 백색이고 꽃대 끝의 취산꽃차례에 5~15송이가 달린다. 꽃받침조각은 5-6개로서 피침형이며 끝이 뾰족하고 녹색이며 부악편은 끝이 뾰족하고 피침형이며 겉에 털이 있고 꽃받침보다 다소 짧다. 꽃잎은 5-6개로서 꽃받침보다 훨씬 길며 수술은 많다.
36151,엉겅퀴,"우리 나라 전국에 분포하여, 만주, 중국, 우수리에도 분포한다.","꽃은 6-8월에 피며 지름 3-5cm로서 가지 끝과 원줄기 끝에 1개씩 달리고 총포는 둥글며 길이 18-20mm, 지름 25-35mm이고 포편은 7-8줄로 배열되며 겉에서 안으로 약간씩 길어지고 끝이 뾰족한 선형이다. 꽃은 전부 관상화이고 꽃부리는 자주색 또는 적색이며 길이 19-24mm이다."
30985,채송화,전국에 분포한다.,"7-10월에 붉은색, 흰색, 노란색 또는 자주색의 꽃이 피며 가지 끝에 한개 때로는 두개 이상씩 달린다. 꽃의 지름은 3cm정도로서 화경이 없으며 밤에는 오므라든다. 꽃받침조각은 두 개로서 넓은 달걀모양이고 막질이며 꽃잎은 다섯개로서 거꿀달걀모양이고 끝은 약간 패어져 있다. 수술은 많고 암술대에는 다섯 내지 아홉 개의 암술머리가 있다."
39664,초롱꽃,"한국, 일본, 동부시베리아에 분포한다.
남부와 중부, 중부지역의 산의 낮은 곳에 자생한다.","꽃은 6-8월에 피고 백색 또는 연한 홍자색 바탕에 짙은 반점이 있으며 긴 화경 끝에 종같은 꽃이 달려 밑으로 처진다. 꽃의 길이는 4~8cm이며, 꽃통은 3.5cm로 아래를 향하여 핀다. 꽃받침은 5개로 좁게 갈라지며 녹색이고 털이 있으며 열편 사이에 뒤로 젖혀지는 부속체가 있으며 수술은 5개, 암술 1개, 씨방은 하위이다."
27110,토마토,재배한다.,마디사이의 중앙에서 화경이 나와 황색 꽃이 달리고 꽃자루의 기부에 관절이 있어 그속에서 꽃이 떨어진다. 꽃받침은 여러 개로 갈라지며 열편은 선상 피침형이고 꽃부리는 얕은 접시 모양이며 지름 2cm정도이고 여러 개로 갈라지며 열편은 끝이 뾰족한 선상 피침형이고 젖혀진다.
25682,뽕나무,"수직적으로 표고 100~1,100m, 수평적으로 거의 전국에 식재.",꽃은 암수딴그루로 5월에 피고 수꽃차례은 새가지 밑부분의 잎겨드랑이에서 밑으로 처지는 꼬리모양꽃차례에 달리며 긴 타원형이다. 암꽃차례는 길이 5~10mm이고 넓은 타원형이며 암꽃은 4개이고 암술대는 거의 없으며 암술머리는 2개이고 길이2mm이며 씨방은 털이 없다.
24441,과꽃,"한국 북부, 중국, 만주에 분포한다.
북부지방의 산지와 오대산에서도 자생지가 발견된다.","꽃은 7-9월에 피며 남자색이고 머리모양꽃차례는 지름 6.5-7.5cm로서 긴 화경 끝에 1개씩 달린다. 총포는 반구형이며 길이 1.5-2cm, 나비 3.5-4.5cm이고 밑부분의 엽상포는 총포조각과 비슷하며 포편은 3줄로 배열되고 외편은 긴 타원상 피침형이며 끝이 둔하고 긴 연모가 있다."
39852,말발도리,중국; 전국적으로 분포하지만 대부분 백두대간에 분포.,"꽃은 5월 중순 ~ 6월 중순에 피고, 지름 10 ~ 12mm정도로서 백색이며 성모가 있고 편평꽃차례에 달리며 꽃받침은 통형이고 끝이 5개로 갈라지며 꽃잎도 5개로 갈라진다. 수술은 10개이고 수술대는 거의 톱니가 없으며 암술대는 3개이고 밀선반에 성모가 있다."
41557,쑥부쟁이,한국(남부)에 나며 일본에 분포한다. ,"꽃은 7∼10월에 연한 자색(혀꽃), 노란색(통상화)으로 핀다. 머리모양꽃차례는 가지와 줄기 끝에 산방상으로 1개씩 달리고 지름은 2.5~3cm이다. 총포는 녹색이고 공을 반으로 자른 모양이며, 포조각이 3렬로 배열한다."
26678,큰금계국, ,꽃은 6-8월에 피고 황색이며 머리모양꽃차례는 긴 화경 끝에 1개씩 달리고 지름 4-6cm이며 화경은 길이 20-40cm이다. 총포조각은 2줄로 배열되고 각가가 8개씩이며 외포편은 엽상으로서 피침형 또는 긴 타원상 달걀모양이고 길이 4-8mm이며 내포편은 달걀모양이고 길이 8-13mm이다. 혀꽃은 8개이며 도삼각형 또는 거꿀달걀모양이고 길이 1.3-3cm로서 끝이  깊은 톱니처럼 갈라지며 통상화는 황색이다.
25511,나팔꽃,관상용으로 흔히 심고 있다.,"꽃은 남자색, 백색, 적색 등 여러 색이 있고 7~8월에 피며 잎겨드랑이에 1~3송이 달린다. 꽃받침은 5갈래로 깊게 갈라지고 열편은 좁고 길게 뾰족해지며 뒷면에 긴 털이 난다. 꽃부리는 지름 10-23cm로서 깔때기모양이다. 꽃봉오리는 붓끝모양이고 오른쪽으로 잡힌 주름이 있으며, 수술은 5개, 암술은 1개이다."
36291,달맞이꽃, ,꽃은 7월에 황색으로 피고 위쪽 잎겨드랑이에 1개씩 달리며 저녁에 피었다 아침에 시든다. 꽃받침조각은 4개가 2개씩 합쳐지며 뒤로 젖혀지고 꽃잎은 4개로 끝이 파지며 수술은 8개이고 암술대는 4개로 갈라지며 씨방은 원뿔모양으로 털이 있다.
34579,닭의장풀,"▶일본, 사할린, 우수리, 만주 중국에 분포한다.
▶전국 각처에 분포한다.",꽃은 7-8월에 피고 잎겨드랑이에서 나온 꽃대 끝의 포로 싸여 하늘색 꽃이 핀다. 포는 넓은 심장형이며 안으로 접히고 끝이 갑자기 뾰족해지며 길이 2cm로서 겉에 털이 없거나 있다. 외꽃덮이 3개는 무색이고 막질이며 안쪽 3개 중 위쪽의 2개는 둥글고 하늘색이며 지름 6mm이지만 다른 1개는 작고 무색이다. 2개의 수술과 꽃밥이 없는 4개의 수술이 있다.
29426,댑싸리,"▶유럽, 남아시아, 중국 등지에 분포한다.
▶전국 각지에서 재배한다.",꽃은 7-8월 개화. 암수딴그루로 2-3송이씩 액출하며 꽃이 잘고 화경과 꽃잎이 없다. 꽃밑에 잎같은 포가 있고 윗부분의 잎은 흔히 포처럼 작아지기 때문에 전체가 이삭꽃차례로 되기도 한다. 양성꽃과 암꽃이 있으며 꽃받침은 5조각으로 갈라지고 꽃이 핀다음 자라서 열매를 둘러싸며 뒷면에서 날개 같은 돌기가 발달한다. 수술은 5개로 길게 꽃밖으로 나오며 꽃밥은 황색이고 씨방은 원반모양이며 끝부분의 암술대가 2개로 갈라진다.
37844,원추리,"▶한국, 중국, 일본 등지에 분포한다.","꽃대는 높이 1m로서 끝에서 짧은 가지가 갈라지고 6-8개의 꽃이 총상으로 달리며 6-8월경에 개화한다. 포는 선상 피침형이고 길이 2-8cm로서 윗부분의 것은 가장자리가 막질이다. 꽃자루는 길이 1-2cm로서 밑부분이 꽃대축에 붙어 있으며 꽃은 등황색이고 길이 10-13cm이며 판통은 길이 1-2cm이다. 내꽃덮이는 긴 타원형이고 둔두이며 폭 3-3.5cm로서 가장자리가 막질이다. 수술은 6개이고 판통 위 끝에 달리며 꽃잎보다 짧고 꽃밥은 선형으로서 황색이다. 꽃은 아침에 피었다가 저녁에 시들지만, 계속해서 다음 꽃이 10여송이씩 피게 된다."
29658,디기탈리스,전국에 재배한다.,꽃은 7-8월에 피고 원줄기 끝에서 수상으로 발달하며 밑부분에서부터 피어 올라가고 꽃받침은 5개로 갈라지며 열편은 난상 피침형으로서 예두이다. 꽃부리는 홍자색이고 짙은 반점이 있으며 종형이지만 가장자리가 다소 순형으로 된다. 2강수술이 있고 암술머리는 2갈래로 갈라진다.
31394,참나리,거의 전국적으로 분포한다.,꽃은 7-8월에 피고 가지끝과 원줄기끝에 4-20개가 밑을 향해 달린다. 화피열편(花被裂片)은 피침형 또는 넓은 피침형이며 길이 7-10㎝로서 짙은 황적색 바탕에 흑자색 반점이 산포하고 뒤로 말린다. 밀구(蜜溝)에 짧은 털이 있으며 6개의 수술과 암술이 꽃 밖으로 길게 나오고 암술대는 길며 꽃밥은 짙은 적갈색이다.
31560,목화,중부지방 및 남부지방에 분포한다.,꽃은 8~9월에 피며 액생하는 꽃자루 끝에 1개씩 달리고 지름 4cm 내외이다. 꽃밑에 엽상의 작은포가 3개 있으며 삼각상 달걀모양으로서 자줏빛이 돌고 날카로운 톱니가 있다. 꽃받침조각은 술잔 같으며 녹색 잔점이 있고 작으며 꽃잎은 5개가 기와장을 인 모양으로 나열되고 연한 황색 바탕에 밑부분이 흑적색이며 수술은 많고 단체(單體)이다.
31548,무궁화,평남 및 강원도 이남에서 식재.,"꽃은 8 ~ 9월에 피며 1개씩 달리고, 지름 6 ~ 10cm로 보통 분홍색 내부에 짙은 붉은색이 돌고, 꽃받침조각은 달걀상 피침형으로 별모양 털이 있고, 외부에 꽃받침보다 짧은 선상의 바깥 꽃받침이 있다. 꽃잎은 거꿀달걀형으로, 5개가 밑부분에서 서로 붙고, 수술은 한몸수술이며 암술대가 수술통 중앙부를 뚫고 나온다."
24984,미나리,"▶일본 오키나와, 대만, 중국, 말레이지아, 인도에 분포한다.
▶제주, 전남(지리산), 전북(덕유산), 경북, 충남, 충북, 강원, 평북, 함남, 함북에 야생한다. 또한 흔히 논밭에서 재배한다.",겹우산모양꽃차례는 7-9월에 원줄기 끝부근에서 잎과 마주나기하며 5-15개의 소산경으로 갈라지고 각각 10-25개의 백색꽃이 달리며 꽃잎은 5개이다. 총포는 없거나 1~2개이며 소총포는 6개 정도로서 선형이며 길이 2mm정도이고 꽃자루는 길이 2-5mm이며 5개의 수술이 있고 씨방은 하위이다.
43149,밀짚꽃,재배하고 있다.,"꽃은 6-9월에 피며 머리모양꽃차례는 가지 끝에 1개씩 달리고 지름이 약 3㎝정도이며 꽃잎처럼 보이는 겉부분은 총포로서 윤채가 있고 황색, 적황색, 암홍색 또는 백색이며 초를 칠한 파라핀지같고 사방으로 퍼진다. 안쪽에 있는 통상의 낱꽃은 황색이며 총포 길이의 1/2정도이다."
24821,만병초,"일본; 함경남북도, 평안북도, 강원도 및 전라남도 지리산 백두대간 및 울릉도.","꽃은 5 ~ 6월에 개화하며 10 ~ 20개가 가지 끝에 달리고, 꽃부리는 깔때기모양이며 흰색 또는 연한 분홍이고 안쪽 윗면에 녹색 반점이 있다.  꽃받침은 짧고 5갈래로 갈라지며, 수술은 10개로 길이가 서로 다르고, 꽃대에 털이 있다."
41445,설악초, ,꽃은 7~8월에 흰색으로 핀다.
31573,노랑어리연꽃,"한국, 중국, 몽골, 일본, 유럽에 분포한다.
중부 이남에서 자란다.",꽃은 7-9월에 오이꽃과 비슷하게 피고 밝은 황색이며 잎겨드랑이에서 자라고 꽃자루는 길이 3-12cm이다. 꽃받침열편은 넓은 피침형이며 끝이 둔하고 꽃부리는 지름 3-4cm로서 가장자리에 털이 있으며 끝이 파지고 수술과 꽃잎은 5개이다.
28164,수련,"▶한국, 일본, 시베리아, 유럽 동부, 북아메리카, 오스트레일리아 등지에 분포한다.
▶중부 이남에서 재배한다.","꽃은 6~8월에 수면 위에서 피고 백색이며 지름 5cm정도로서 밤에는 접어들기 때문에 수련(睡蓮)이라고 한다. 꽃은 3일 동안 피었다 닫혔다 하며 꽃받침조각은 4개이고 긴 타원형이며 길이 3-3.5cm, 밑부분의 폭1-1.5cm로서 둔두이고 녹색이며 꽃잎은 8~15개이다. 수술은 40개 정도이고, 꽃밥은 황금색이다. 암술대는 거의 없고, 암술머리는 납짝하게 눌러진 공모양이다."
39766,땅채송화,일본 / 중부 이남의 바닷가에서 자란다.,꽃은 5~7월에 피고 원줄기 끝에는 꽃이 달리지 않으며 줄기 상단에서 갈라진 가지 끝에 3~10개의 노란 꽃이 취산꽃차례로 달린다. 꽃받침조각은 길이 3~4mm로서 난상 타원형이고 원두이다. 꽃잎은 길이 4~5mm로서 넓은 피침형이며 끝이 뾰족하고 황색이며 꽃받침과 더불어 각각 5개이다. 수술은 10개이며 꽃잎보다 짧고 안쪽의 5개는 꽃잎 밑에 달리며 심피는 5개로서 다소 곧추서지만 성숙함에 따라 비스듬히 눕는다. 심피 밑부분에 있는 비늘조각은 짧고 도란상 타원형이다. 암술은 5개이다.
27061,우엉,"귀화식물(歸化植物)이며, 전국 각지에서 재배한다.","꽃은 7월에 피며 머리모양꽃차례는 원줄기와 가지 끝에 산방상을 달리고  총포는 구형(球形)이며, 포편은 침형이고 끝이 갈고리모양이다. 꽃은 통상화뿐이며 검은 자줏빛이 돌고 잔꽃이 5갈래로 갈라지며 관모는 단형으로 강경(剛硬)하고 갈색이다."
30654,해오라비난초,"일본 / 한국(경기도 수원시; 강원도 양구군, 정선군, 홍천군; 경상북도 상주시; 경상남도 산청군) ",꽃은 7~8월애 피며 지름 3cm 정도로서 1-2개가 원줄기 끝에 달리고 백색이다. 꽃받침조각은 좁은 달걀모양이며 꽃받침조각보다 크고 길이 10-13mm로서 꽃받침과 더불어 투구 모양이다. 입술모양꽃부리는 3개로 갈라지며 중앙열편은 선형이고 측열편의 가장자리가 다시 잘게 갈라지며 거(距)는 길이 4cm정도이다.
35292,토끼풀,"▶거의 세계적으로 널이 재배되고 있다.
▶전국 각지 잔디밭이나 하천 고수부지,정원 등 일조 조건이 좋은 곳에 널리 자라고 있다.",머리모양꽃차례에 많은 꽃이 산형으로 달리며 화경은 길이 20-30cm이고 꽃은 6-7월에 피며 길이 9mm정도로서 백색이고 기꽃잎이 떨어지지 않고 갈색으로 말라서 열매를 둘러싼다.
31562,접시꽃,전국 각처,"6월경에 잎겨드랑이에서 짧은 화경이 있는 꽃이 피기 시작하여 위로 올라가며 끝에서 긴 꽃차례로 되고 작은포는 7~8개가 밑부분에서 서로 붙어 있으며 녹색이다. 꽃받침은 5개로 갈라지고 꽃잎도 5개가 기왓장처럼 겹쳐지며 나선상으로 말리고 종형(鐘形)으로 윗면은 개출(開出)하고 홍색, 짙은 담홍색, 백자색 등 여러 가지 색을  갖는다. 한몸수술의 꽃밥이 밀집되어 있고 암술대는 1개이지만 끝에서 여러 개로 갈라지고 접시같은 열매가 달린다. 꽃을 촉규화(蜀葵花)라 한다."
29286,상사화,제주도를 포함한 중부 이남에 분포하며 재배하고 있다.,8월에 꽃대가 나와 길이 60㎝정도 자라며 끝에 4-8개의 꽃이 달린 우상모양꽃차례가 발달한다. 총포는 길이 2-4㎝로서 넓은 피침형이고 꽃자루는 길이 1-2㎝이며 꽃은 길이 9-10cm이고 판통은 길이 2.5cm로서 연한 홍자색이다. 화피열편은 6개이며 폭 15mm로서 비스듬히 퍼지고 수술은 6개이며 꽃밖으로 나오지 않는다. 씨방은 하위이고 3실이며 열매를 맺지 못한다.
43206,글록시니아,온실에서 재배.,2-3월에 종자를 심으면 8월에 꽃이 피고 꽃대는 높이 10~15cm로서 끝에 1개의 백색 또는 적자색 꽃이 옆을 향해 달린다. 꽃받침은 5개로 갈라지며 열편은 달걀모양이고 끝이 뾰족하며 꽃부리는 종형이고 길이 5cm 정도로서 윗부분이 넓어지면서 5개로 갈라진다. 수술은 5개로서 암술과 길이가 거의 비슷하다.
27074,능소화,중국; 중부 이남에서 식재,"꽃은 8 ~ 9월에 피고 지름 6 ~ 8cm로 주홍색이지만 겉은 적황색이며, 가지 끝의 원뿔모양꽃차례에 5 ~ 15개가 정생한다. 꽃받침은 길이 3cm이고 열편은 피침형 첨두로서 털이 없으며 꽃부리는 깔때기 비슷한 종형이고 판통이 꽃받침 밖으로 나오지 않으며 대형이고 대체로 고르지 않은 5갈래로 갈라진다.  둘긴수술과 1개의 암술이 있다. 꽃을 능소화라 한다."
28498,다알리아,널리 재배하고 있다.,꽃은 7월에서부터 서리가 올때까지 피고 원줄기와 가지 끝에 1개씩 옆을 향해 달리며 지름 5-7.5cm이지만 보다 큰것도 있고 총포조각은 6-7개로서 잎같다. 혀꽃은 본래 8개였다고보지만 명명할 당시에는 겹으로 되어 있었으며 변종에 따라서 빛깔과 꽃의 크기가 다르다.
27951,마타리,"한국, 일본, 중국, 소련 등지에 분포한다.
전국의 산야 양지에 자생한다.","꽃은 7-8월에 피며 황색이고 가지 끝과 원줄기 끝에 산방상으로 달리며 화서분지의 한쪽에 돌기 같은 흰털이 있다. 꽃부리는 황색이고 지름 3-4mm로서 5개로 갈라지며 판통이 짧고, 4개의 수술과 1개의 암술이 있으며, 씨방은 하위이고 3실로서 그 중 1실만이 종자를 맺는다."
32715,돌가시나무,"제주, 전남북, 함남북에 나며 일본, 대만, 중국에 분포한다.","꽃은 5~6월에 백색으로 피고 향기가 있으며 가지 끝에 1~5개씩 달리고 화경에 샘털이 있다. 꽃받침조각은 피침형, 꽃잎은 도란상 원형으로 끝이 오목하다."
26923,도라지,"한국, 중국, 일본에 분포한다.
전국의 산지에서 자란다.","꽃은 7-8월에 피고 하늘색 또는 백색이며 원줄기 끝에 1개 또는 여러개가 위를 향해 달린다. 꽃받침은 5개로 갈라지고 열편은 길이 0.5-5mm로서 삼각상 피침형이며 꽃부리는 끝이 퍼진 종형이고 지름 4-5cm로서 끝이 5개로 갈라지며 갈라진 끝은 삼각형이다. 씨방하위에 웅애 선숙화로 끝에서 종자를 맺는다. 씨방은 5실이며, 5개의 수술과 1개의 암술이 있고 암술대는 끝이 5개로 갈라진다."
30302,밤나무,"▶전국적으로 자란다. 
▶섭씨 12도의 등온선을 중심으로 하여 난대중부에서 온대 북부 이외에 남미, 호주 등지에 분포하고, 일본과 만주에도 분포한다.
▶세계의 주요 생산지는 한국, 일본, 중국, 북미, 유럽, 중동아시아, 이태리, 프랑스, 스페인, 포르투칼, 그리이스이다. 
▶전국의 표고 100~1,100m에서 자란다. 
▶부여, 공주 등 충남지역과 하동, 산청, 광양, 순창, 임실 등 남부지역에서 많이 재배된다.",꽃은 암수한그루로서 백색이며 6월에 피고 새가지 밑부분의 잎겨드랑이에서 곧추 자라는 꼬리모양꽃차례에 많이 달린다. 수꽃차례는 유백색이고 암꽃은 보통 3개씩 한군데에 모여달리고 포로 싸인다.
32603,바위솔,"▶일본, 만주에 분포한다.
▶전국 각지에 야생한다.",꽃은 9월에 피고 백색이며 총상꽃차례는 길이 6-15cm로서 꽃자루가 없는 꽃이 밀착하고 포는 피침형이며 예두이다. 꽃받침조각은 5개로서 피침형이고 연한 녹색이며 꽃잎도 5개로서 피침형 예두이고 길이 6mm정도이다. 수술은 10개이며 꽃잎보다 길고 씨방은 5개이며 꽃밥은 적색이지만 점차 흑색으로 된다.
40319,봉선화,"▶세계 각국에 널리 분포한다.
▶전국 각지에 분포한다.","꽃은 홍색, 백색, 또는 자색 등 여러가지 색으로 7~8월에 피고 꽃이 하나 또는 수 개가 모여서 액생(腋生)한다. 화경이 있고 엽축이 있어 밑으로 처지며 좌우로 넓은 꽃잎이 퍼져 있고 뒤에서 통상으로 된 거가 밑으로 굽으며 수술은 5개이고 꽃밥은 서로 연결되어 있으며 씨방에 털이 있다."
24268,부레옥잠,"관상식물로서 수조에 기르기도 하고, 논이나 못에서 자란다.",꽃은 8~9월에 피고 끝의 꽃차례는 원줄기와 더불어 길이 20-30cm이다. 꽃은 연한 자주색이며 지름 4cm정도로서 총상꽃차례를 이룬다. 꽃은 밑부분이 통같이 되고 윗부분은 깔때기처럼 퍼지며 6개로 갈라지고 위쪽 정면의 1개가 특히 크며 연한 자주색 바탕에 황색 점이 있다. 수술은 6개로서 그 중 3개는 길고 수술대에 털이 있으며 암술은 1개로서 씨방상위고 암술대는 실처럼 길다. 꽃은 하루만 피었다가 시드는 1일화이다.
22268,하와이무궁화, ,꽃은 6~9월에 새로 난 가지에서 피며 하루 동안 피어있다가 진다. 
31426,땅나리,"일본, 중국, 대만 / 한국(전라남도; 제주도) ",꽃은 7월에 피며 윗부분의 가지끝과 원줄기끝에 1-8개의 꽃이 밑을 향해 달린다. 화피열편(花被裂片)은 6개로서 황적색이고 안쪽에 뚜렷하지 않은 자주색 반점이 있으며 길이 3-4cm로서 거꿀피침모양이고 뒤로 거의 완전히 말린다. 밀구(蜜溝) 양쪽에 털이 약간 있으며 6개의 수술과 1개의 암술이 길게 꽃 밖으로 나오고 꽃밥은 붉은 빛이 돌며 암술대가 씨방보다 짧다.
29123,진노랑상사화,"한국(전라북도 고창군, 부안군, 정읍시; 전라남도 장성군) ",꽃은 진한 노란색으로 4∼7송이가 피며 6장의 화피조각이 있다. 이 화피조각은 뒤쪽으로 반 정도로 젖혀지고 화피 가장자리는 깊은 파도처럼 구불거린다. 잎이 변형된 포는 주걱 모양이고 2개이다. 수술대와 암술대는 모두 노란색이다.잎이 다 쓰러진 뒤 7월 말에서 8월 초가 되어야 길이 40∼70cm의 꽃대가 나온다. 꽃대는 녹색으로 곧게 자란다. 
38125,연꽃,"▶인도, 중국, 일본, 시베리아에 분포한다.
▶각지에서 재배한다.","꽃은 7~8월에 피고 지름 15-20cm로서 연한 홍색 또는 백색이다. 뿌리에서 꽃대가 나오고 화경은 엽병처럼 가시가 있으며 화경 끝에 대형의 꽃이 1송이 핀다. 꽃받침은 4~5조각인데 녹색이고 소형이며 일찍 떨어지고 꽃잎은 여러개이며 길이 8-12cm, 폭 3-7mm로서 거꿀달걀모양이고 둔두이며, 꽃턱은 크고 해면질이며 길이와 지름이 각 10cm정도로서 표면이 평탄하고 역원뿔모양이다."
37247,오리나무,"극동러시아, 일본, 중국; 한반도 전역에 분포, 주로 경기도와 강원도",꽃은 3월 초 ~ 4월 말에 피고 암수한그루이고 이삭꽃차례로 달린다. 수꽃차례는 길이 4~9cm로서 각 포에 3~4개씩 늘어져 달리고 화피와 수술은 각 4개이며 암꽃차례는 긴 달걀꼴이고 각 포에 암꽃이 2개씩 달린다.   
35811,옥잠화,전국에 널리 재배한다.,꽃대는 길이 40-56cm정도인데 더러 1m이상되는 것도 있고 1-2(4)개의 포가 달리며 꽃은 총상으로 달리고 포는 2개이며 밑의 것은 길이 3-8cm로서 긴 달걀모양 또는 난상 피침형이고 녹색이다. 판통은 담자색이고 길이 11.5cm정도로서 가운데 부분부터 깔때기모양으로 벌어지는데 꽃잎은 약간 뒤로 젖혀져 있다. 꽃은 해가 지는 저녁에 피고 아침에 오므라 든다. 수술은 6개로서 화피와 길이가 비슷하고 암술은 한 개이다.
31851,용담,"한국(해발고도 800-1,500m), 일본에 분포한다.
전국 산야에서 자란다.",꽃은 8-10월에 피고 길이 4.5-6cm로서 자주색이며 화경이 없고 윗부분의 잎겨드랑이와 끝에 달리며 포는 좁은 피침형이다. 꽃받침통은 길이 12-18mm이고 열편이 고르지 않으며 선상 피침형으로서 판통보다 길거나 짧고 꽃부리는 종형이며 가장자리가 5개로 갈라지고 열편 사이에 부편이 있으며 수술은 5개로서 화관통에 붙어 있고 1개의 암술이 있다.
23780,좀작살나무,"중국, 대만, 일본; 경기도, 충청남도 해안과 전라남도, 경상남도.","취산꽃차례로 잎겨드랑이에 10 ~ 20개의 꽃이 피며, 꽃대 길이 1 ~ 1.5cm로 별모양 털이 있고, 양성꽃이며 길이 2mm로 연한 자주색이고, 꽃받침은 털이 없고 수술은 4개로 길이는 5mm이며, 암술대와 길이가 같으며 8월에 개화한다."
29265,생강,"▶중국, 대만, 인도, 미국에 분포한다. 
▶우리나라에서는 전북 완주군 봉동면 등 남부지방 각처에서 재배한다.",우리 나라에서는 꽃이 피지 않으나 원산지(따뜻한 지방)에서는 8~9월경에 엽초로 싸인 길이 20㎝정도의 꽃대가 자라서 그 끝에 화수가 달리며 황록색의 꽃이 핀다. 꽃은 포사이에서 나오고 꽃받침은 짧은 통같으며 꽃부리의 판연이 3개로 갈라지고 열편은 예두이다. 헛수술이 변한 입술모양꽃부리는 도란상 원형이고 밑부분 양쪽에 작은 열편이 있으며 자주색 바탕에 연한 황색 반점이 있다. 수술은 1개이고 꽃밥은 황색이며 씨방은 하위이고 암술대는 실같이 가늘며 연자주색이고 암술머리는 방사형이다.
22645,참깨, ,"꽃은 7∼8월에 연분홍색으로 피고 줄기 윗부분에 있는 잎겨드랑이에 1개씩 밑을 향해 달린다. 꽃받침은 5개로 깊게 갈라지고, 꽃부리는 통 모양이며 끝이 5개로 갈라진다. 수술은 4개인데 그 중에 2개가 길고 1개의 헛수술이 있으며, 암술은 1개이고 암술머리는 2개로 갈라진다. 씨방은 4실이고 주변에 털이 빽빽이 있다. "
30464,칡,"말레이시아, 인도, 중국, 일본, 극동러시아; 전국 산야.",꽃은 8월에 개화하고 홍자색으로 길이는 18 ~ 25mm로 총상꽃차례는 곧추서며 길이 10 ~ 25cm이다.  포는 선형이고 긴 털이 있으며 꽃받침은 가운데까지 갈라진다.
32810,뻐꾹나리,"일본, 중국 / 한국(경기도 광릉 이남) ",꽃은 7월에 피고 백색으로 자주색의 반점이 있으며 하부에 황색 반점이 있는 것도 있고 줄기 끝과 상부 잎겨드랑이에 편평꽃차례로 달린다. 화피편은 6개이고 내편은 좁은 피침형으로 평개하며 내편은 넓은 거꿀피침모양으로 외측에 샘털이 있고 기부가 강하게 뒤로 말린다. 수술대에 털 같은 돌기가 있고 암술 3개로 기페 갈라지고 열편에 둥근 돌기가 있다.
28246,포도,아시아 서부 원산; 중남부 지방에서 식재.,"꽃은 6월에 개화하고 원뿔모양꽃차례로 황록색이며 꽃잎은 5개가 끝에서 서로 붙어있고, 밑부분이 갈라져서 떨어진다. 수술은 5개이고 수술대 사이에 꿀샘(密腺)이 있다."
32477,해바라기,전국에서 식재한다.,꽃은 8~9월에 피며 지름 8-60cm로서 옆을 향해 달리고 가장자리의 혀꽃은 밝은 황색이며 중성이고 통상화(筒狀花)는 갈색 또는 황색이며 양성이고 총포는 반구형이며 포편은 난상 피침형으로서 끝에 긴 연모(軟毛)가 있다.
23524,국화,전국에 분포한다.,"가을철에 원줄기 윗부분의 가지 끝에 머리모양꽃차례가 달리고 머리모양꽃차례 주변에 자성(雌性)의 혀꽃이 달리며 중앙부에 양성의 관상화가 있어 열매를 맺는다. 오래 재배해 오는 동안 많은 변종이 개발되었으며 꽃의 지름에 따라서 18cm이상인 것을 대륜(大輪), 9cm이상인 것을 중륜(中輪), 그 이하인 것을 소륜(小輪)으로 구별하고, 또 꽃잎의 형태에 따라서 후물(厚物), 관물(管物) 및 광물(廣物)로 크게 나눈 다음 세별하기도 한다."
23095,물봉선,"한국, 일본, 중국, 러시아연해주 등에 분포한다.
전국 각처에서 자란다.","총상꽃차례는 가지 윗부분에 달리며 꽃자루는 꽃대축과 더불어 밑으로 굽고 붉은빛이 도는 육질의 털이 있으며 꽃은 8-9월에 피고 홍자색이며 꽃잎은 모두 3개인데 양쪽에 있는 큰 꽃잎은 길이 3cm이고 거는 넓으며 자주색 반점이 있고 끝이 안으로 말린다. 꽃받침 잎은 3개, 수술은 5개이며, 꽃밥은 합쳐지고, 암술은 1개이다. 꽃 아래 1편은 주머니 모양이다."
39748,둥근잎꿩의비름,"중국 / 한국(경상북도 청송군, 포항시) ",꽃은 7-8월에 피며 짙은 홍자색으로서 원줄기 끝에 둥글게 모여 달린다. 꽃받침은 끝이 5개로 갈라지며 열편은 피침형이고 녹색이다. 꽃잎은 5개로서 자홍색이 돌며 배모양이고 수술은 10개로서 그 중 5개는 꽃잎과 마주나기하며 수술대는 꽃잎과 길이가 비슷하고 꽃밥은 적색이며 꽃가루는 황색이다. 암술은 5개가 서로 떨어지고 꽃잎과 마주나기하며 암술대는 길이 1mm정도이다.
29126,백양꽃,"한국(전라북도 부안군, 임실군, 정읍시; 전라남도 신안군, 영광군, 영암군, 장성군; 경상남도 산청군; 부산시 기장군) ",꽃대가 9월에 올라와 적갈색의 꽃을 피움
27125,꽈리,"일본, 만주, 중국에 분포한다.
",꽃은 6~7월에 피고 잎 사이에 1개씩 달리며 꽃자루는 길이 3-4cm이고 꽃받침은 짧은 통형이며 끝이 얕게 5개로 갈라지고 가장자리에 털이 있다. 꽃부리는 바퀴모양이며 약간 누른빛이 돌고 지름 1.5cm정도이며 가장자리가 5개로 약간 갈라지고 꽃이 핀 다음 꽃받침은 길이 4-5cm로 자라 달걀모양으로 되며 열매를 완전히 둘러싼다. 5개의 수술이 있다.
23844,마가목,"러시아, 일본 / 우리나라 황해도, 강원도 이남에 자생. 경상남북도 지역에 주로 분포.","복산방꽃차례는 지름 8 ~ 12cm로서 털이 없으며 가지끝에 달린다. 꽃은 5 ~ 7월에 피고 백색이며 지름 8 ~ 10mm,이고, 암술대는 3개이다. 꽃받침, 꽃잎이 각 5개이며 수술은 20개이다."
32650,맨드라미,전국 각지에서 재배한다.,"꽃은 7-8월에 피고 홍색, 황색 또는 백색이며 정생(頂生)하고 꽃대 상단은 닭
의 볏 모양이며 아랫면에 대가 없는 다수의 잔꽃이 밀착한다. 꽃받침이 5개로 갈라지며 열편은 길이 5mm정도로서 넓은 피침형이고 끝이 날카롭다. 수술은 5개로서 꽃받침보다 길고 수술대 밑이 서로 붙어 있으며 암술은 1개이고 긴 암술대가 있다."
42026,미모사, ,"꽃은 7∼8월에 연한 붉은 색으로 피고 꽃대 끝에 머리모양꽃차례를 이루며 모여 달린다. 꽃받침은 뚜렷하지 않으며, 꽃잎은 4개로 갈라진다. 수술은 4개이고 길게 밖으로 나오며, 암술은 1개이고 암술대는 사상이며 길다."
30762,배롱나무,"중국; 충청남북도, 전라남북도, 경상남북도 이남에서 식재. 경기도에서도 일부 월동.","원뿔모양꽃차례는 가지 끝에 달리고, 길이와 폭이 각 10 ~ 20cm × 3 ~ 4cm이고, 암수한꽃으로 진한 분홍색이며, 수술은 30 ~ 40개로서 가장자리의 6개가 길며 암술은 1개이고 암술대가 수술 밖으로 나오고 8월 중순 ~ 9월 중순에 개화한다."
24532,보리수나무,"일본 / 황해도, 강원도, 경기도, 충청북도, 경상남북도, 전라남북도, 제주도.","꽃은 5월 초 ~ 6월 중순에 피며, 백색에서 연황색으로 변하고, 향기가 있으며, 새가지의 잎겨드랑이에 1 ~ 7개가 우상모양꽃차례에 달리고, 꽃받침통 길이는 12mm정도로 끝이 4갈래로 갈라지고 수술은 4개, 암술은 1개이며 암술대에 인모가 있다 "
29615,산사나무,"일본, 중국, 극동러시아 / 평안남북도, 함경남북도에서 강원도, 경기도 북부 및 경상북도까지 분포하지만 주로 경기도에서 확인되며 제주도에도 분포.",꽃은 잎이 핀 다음 4~5월에 피고 지름 1.8㎝로서 백색 또는 담홍색이며 편평꽃차례는 지름 5~8cm로서 털이 있고 꽃잎은 둥글며 꽃받침조각과 더불어 각 5개이고 수술은 20개이며 꽃밥은 홍색이다. 배꽃같은 작은 꽃이 몇 송이씩 뭉쳐서 핀다.
32831,살비아,전국 각지에서 재배한다.,꽃은 6~7월에 피며 자주색이고 줄기 끝에 정생하는 윤산화서로 층층이 달린다. 꽃받침조각은 종상 순형이고 꽃부리는 양순형이며 길이 1.5-2cm로서 상순 끝이 다소 파지고 하순이 3개로 갈라진다. 수술은 2개이며 암술대가 화관의 상순보다 길게 밖으로 나온다.
30872,주목,"주로 백두대간을 중심으로 자생, 울릉도","개화기는 4월, 암수딴그루, 수꽃은 6개의 비늘조각으로 싸이고 도란형 또는 구형이고 갈색을 띤다. 길이는 3.5mm 정도이며 0.5~1mm의 자루가 있고 8~10개의 수술과 8개의 꽃밥을 가진다. 암꽃은 잎겨드랑이에 달리며 10개의 비늘조각으로 싸인다. 난형으로 녹색을 띤다."
28499,코스모스,관상용으로 널리 재배하고 있다.,"꽃은 6-10월에 피며 가지와 원줄기 끝에 1개씩 달리고 머리모양꽃차례는 지름 6cmㄷ정도이며 혀꽃은 8(6-8)개로서 연한 홍색, 백색, 연분홍색 등 품종에 따라서 다르고 끝이 톱니처럼 얕게 갈라지며 통상화는 황색이고 열매를 맺는다. 총포조각은 2줄로 배열되며 각각 8개의 포편으로 되고 외편은 밖으로 퍼지며 예두이다."
38104,투구꽃,"▶한국, 만주에 분포한다.
▶전국 각지에서 자라나 주로 속리산 이북에 분포한다.","꽃은 9월에 피며 자주색이고 총상꽃차례 또는 복총상꽃차례가 원줄기 끝과 줄기 윗부분의 잎겨드랑이에서 나오며 꽃자루에 털이 많다. 꽃 전체 모양은 고깔이나 고깔모양꽃부리이다. 꽃받침조각은 꽃잎같이 생겼고 표면에 털이 있으며 뒤쪽의 것은 고깔같고 이마쪽이 뾰족하게 나와 있으며 중앙부의 것은 약간 둥글고 밑부분의 것은 긴 타원형이다. 꽃잎은 2개이며 긴 대가 있고 가장 윗부분의 꽃받침조각 속에 들어있으며 수술은 많고, 수술대는 밑부분이 우상으로 넓어진다. 씨방은 3-4개로 털이 있다."
30253,떡갈나무,"극동러시아, 일본, 대만, 중국, 몽고; 한반도 전역 및 전국 표고 800m이하의 산지(경기도,강원도,황해도 지역에 많다.)",꽃은 암수한그루 또는 암수한꽃으로서 5월에 피고 수꽃차례는 잎겨드랑이에서 밑으로 처지고 암꽃차례는 위에서 곧추나와 몇개의 암꽃이 달린다. 수꽃은 4~20개의 수술과 5~11개의 화피열편이 있으며 꽃밥에 털이 있고 암꽃은 6개의 화피열편과 2~4개의 암술머리가 있다.
24922,목서,"중국, 일본; 남부지방 식재.",꽃은 암수딴그루로 지름 5㎜정도이며 백색인데 잎겨드랑이에 모여 달리고 길이 7 ~ 10mm의 꽃자루가 있으며 9월에 개화한다. 꽃은 작아서 그리 아름답다고는 할 수 없으나 향기만은 비길 데 없이 향기로워서 멀리서도 알아차릴 만큼 짙다. 꽃받침은 녹색이며 4개로 갈라지고 꽃부리도 4개로 깊게 갈라지며 열편은 타원형 원두이고 2개의 수술과 1개의 암술이 있다.
36497,단풍나무,"일본 / 경상남도, 전라남북도, 제주도.","꽃은 잡성 또는 암수한그루로 5월에 피며, 편평꽃차례고 암꽃은 꽃잎이 없거나 2 ~ 5개의 흔적이 있지만, 수꽃은 없고 수술은 8개이고 꽃받침조각은 5개이다."
28299,담쟁이덩굴,"중국, 대만, 일본; 전국 분포.","꽃은 암수한꽃이며 황록색으로 5월 말에 피고, 취산꽃차례는 잎겨드랑이나 짧은 가지 끝에서 자라며 많은 꽃이 달린다."
26112,산딸나무,"일본 / 황해도, 경기도 및 충청남북도 이남 지역.","꽃은 6월에 피며, 20 ~ 30개가 두상으로 모여 달리고, 꽃잎과 수술은 각각 4개이며, 총포편 4개가 사방으로 퍼지고 좁은 달걀형이며 예첨두 예형이고, 길이와 폭이 각 3 ~ 9cm × 2 ~ 3cm로 보통 흰색이다."
33903,박하,"북반구 온대에 분포한다.
전국에 야생하고 한때 약용식물로 재배하였다.",꽃은 7~9월에 피며 연한 자주색이고 윗부분과 가지의 잎겨드랑이에 윤산화서로서 밀집하며 꽃받침보다 짧은 꽃자루가 있다. 꽃받침은 종형이며 녹색이고 길이 2.5-3mm로서 끝이 5개로 갈라지며 열편은 가장자리에 퍼진 털이 있고 예두이다. 꽃부리는 통형(筒形)이며 길이 4-5mm로서 4개로 갈라지고 4개의 수술이 있으며 암술대는 끝이 2갈래로 갈라진다.
25489,층꽃나무,"일본, 중국, 대만; 경상남도, 전라남도 남쪽 섬 및 제주도.","취산꽃차례는 잎겨드랑이에 많이 달리고, 꽃은 남보라색이며 꽃부리는 길이 5 ~ 6mm로 겉에 털이 있고, 밑부분 열편이 가장 크며 다시 실처럼 갈라진다.  꽃받침은 종형이고 깊은 5갈래로 갈라지며 열편은 피침형으로 8월 말 ~ 10월 초에 개화한다."
29594,비파나무,"▶한국, 일본, 중국에서 재배한다.
▶제주도 및 남해안 지방에서 자란다.",꽃은 백색으로 10~11월에 피며 지름 1cm이고 원뿔모양꽃차례는 가지끝에 정생하며 연한 갈색털로 덮이고 꽃받침조각과 꽃잎은 각 5개이다. 향기가 있다.
29535,사과나무,세계 각지 서아시아 원산; 전세계 식재.,꽃은 4∼5월에 피고 흰색 꽃이 잎과 함께 가지 끝 잎겨드랑이에서 나와 산형으로 달린다.
37916,아스파라거스,야채로 재배하고 있다.,꽃은 이가화로서 1개 또는 2개씩 달리며 화피는 종같고 가장자리가 6개로 갈라지며 황록색이다. 수술은 6개이고 화피열편보다 짧으며 암꽃의 수술은 퇴화되어 더욱 작다.
26385,바위떡풀,"중국 동북부, 러시아 우수리, 일본 / 전국 각지의 산지에 난다.","꽃대는 높이 5-35cm로서 털이 없는 것과 있는 것이 있고, 꽃은 백색이며 길이 10-25cm의 원추상 취산꽃차례에 달리고 꽃자루는 길이 3-20mm로서 흔히 짧은 샘털이 있다. 꽃받침은 5개이며 길이 2-3mm이고 꽃잎은 5개로서 옆으로 퍼지며 백색 바탕에 붉은 빛이 돌고 위쪽 3장은 길이 3-4mm, 아래쪽 2장은 길이 5-15mm로서 간혹 톱니가 있다. 수술은 길이4-7mm이며 암술대는 짧다."
24458,해국,제주도 및 전국 바닷가의 절벽에 자생하며 일본에도 분포한다.,"꽃은 7-11월에 피며 머리모양꽃차례는 가지 끝에 달리고 지름 35-40mm로서 연한 자주색이며 총포는 반두형이고 길이 8-15mm이며 포편은 선셩으로서 털이 있고 3줄로 배열된다. 설상화관은 연한 자주색으로서 길이 12-20mm, 나비 1-2mm이다. ."
25624,오미자,"중국, 일본; 함경북도 백두대간 ~ 경상북도, 전라남도까지 분포.",암수딴그루로 꽃은 4 ~ 6월에 피고 3~5송이의 꽃이 새로 나온 짧은가지의 잎겨드랑이에 각기 한송이씩 핀다.  꽃은 지름15mm로서 약간 붉은 빛이 도는 유백색이며 화피열편은 6~9개이고 길이5~10mm로서 난상 긴 타원형이며 수술은 5개이고 암술은 다수로 둥근 꽃턱상에 모여있으며 꽃턱 꽃잎은 핀후 길이 3 ~ 5cm가 된다.
30876,은행나무,중국; 우리나라 전국 식재,"암수딴그루이고  수꽃차례 1 ~ 5개의 꼬리처럼 달린다. 수술은 각각 2개이고 약을 가지며, 그모양은 긴 타원형이고 길이는 3mm 정도이다. 약은 성숙하면 봉선을 따라 갈라진다. 화분이 발아하게 되면 2개의 정자가 나타난다. 축길이는 3 ~4cm이며 암꽃은 1가지에 6~7개가 모여 나고  그 끝에 2개의 밑씨가 달리는데 그중 1개만이 성숙한다. 자루길이는 2cm이고 꽃은 5월경에 핀다."
30146,감국,평남 이남,꽃은 10∼11월에 황색으로 피고 가지와 줄기 끝에 산방상으로 달리며 머리모양꽃차례의 지름은 2.5cm 정도이다. 총포는 길이 5~6mm이고 화편은 4열로 배열하며 외편은 작고 달걀모양 또는 장 타원형으로 등에 털이 있다.
32648,천일홍,각지에서 재배한다.,꽃은 7-10월에 피고 머리모양꽃차례가 원줄기와 가지 끝에 1개씩 달리며 밑부분에 잎같은 2개의 난상 원형의 포가 받치고 있다. 머리모양꽃차례는 2개의 작은포로 싸여 있는 많은 낱꽃으로 되며 낱꽃은 보통 적색이지만 연홍색 또는 백색인 것도 있다. 화피열편은 5개로서 선상 피침형이고 끝이 뾰족하며 작은포보다 짧고 털이 있다. 5개의 수술이 동합하여 통같이 되며 통 끝부분 안쪽에 꽃밥이 달려서 끝이 약간 나타난다. 씨방은 1개이며 암술대 끝이 2개로 갈라진다.
30139,구절초,"한국(전국의 산야), 중국 북부, 몽고, 일본(규슈)에 분포한다.","머리모양꽃차례는 보다 크며 지름이 8cm에 달한다. 꽃은 보통 백색이지만 붉은빛이 도는 것도 있다. 꽃은 향기가 있으며 줄기나 가지 끝에서 한송이씩 피고 한 포기에서는 5송이 정도 핀다. 총포는 반구형이며 길이 6-7mm, 지름 1.5cm이고 포편은 3줄로 배열된다. 가운데의 관상화는 꽃부리가 황색이다."
43301,호프,강원도 대관령·진부령에서 재배한다.,"꽃은 이가화이지만 간혹 일가화인 것도 있다. 웅화서는 길이 5-15cm로서 원뿔모양꽃차례를 이루고, 자화서는 총상꽃차례를 이루며 거의 둥글거나 달걀모양이고 포로 덮여 있다. 포는 잎같고 거의 둥글며 끝이 뾰족하고 각 포액에 4개의 꽃이 들어 있으며 각각 작은포로 싸여 있다."
24466,참취,"▶일본 북해도, 시코쿠, 큐슈, 만주, 중국 등지에 분포한다.
▶전국 각지에 야생한다.","꽃은 8-10월에 피며 지름 18-24mm로서 백색이고 가지 끝과 원줄기 끝의 편평꽃차례에 달리며 화경은 길이 9-30mm이다. 총포는 반구형이고 길이 4-5mm, 나비 7-9mm이며 포는 3줄로 배열되고 외포는 긴 타원형으로서 길이 1.5mm정도이며 내포는 좁고 긴 타원형으로서 길이 4-5mm이다. 혀꽃은 길이 11-15mm, 나비 3mm정도이다."
38285,야고,"일본, 중국, 미얀마, 필리핀, 인도 / 한국(전라남도 여수시; 제주도) ",꽃은 9월에 피며 꽃자루는 털이 없고 끝에 한 개의 꽃이 옆을 향해 달린다. 꽃받침은 주형(舟形)이며 한쪽이 갈라지고 길이 2-3cm로서 뒷면 위쪽에 다소 능선이 있으며 꽃부리는 판통이 길고 길이 3-3.5cm로서 가장자리가 5개로 얕게 갈라져서 다소 순형으로 되며 다소 육질이다. 수술은 4개로서 판통에 붙어 있고 그 중 2개가 길다.
31623,측백나무,"대구, 단양, 안동 등에 자생, 전국에 식재","개화기는 4월, 암수한그루, 수꽃은 타원형이고, 길이는 1.5~3.0mm이다. 10개의 인편으로 구성되고, 각각 2~4개의 꽃밥이 있으며, 꽃자루가 짧다. 암꽃은 구형이고, 8개의 실편으로 구성되며, 각 꽃에 6개의 밑씨가 들어있다. 화분은 구형이며, 크기가 20~25μm 정도이다. 발아구는 작은 반구형이며, 화분체의 표면은 약간 울퉁불퉁하다."
23047,산부추,전국 ,"꽃은 8~9월에 홍자색으로 꽃대 끝에 산형으로 동그랗게 달린다. 꽃 껍질 모양은 넓은 달걀모양이고, 끝이 뾰족하며, 작은 꽃대는 길이 1~1.5cm정도이다. 꽃잎, 꽃받침은 4~5mm정도의 타원형으로 6장이다. 수술은 6개로 길고 밑부분이 넓게 퍼진다. 거치가 있다."
36554,사철나무,"중국, 인도네시아, 필리핀, 일본 / 황해도 이남과 강원도 이남에 분포, 전국 식재.","꽃은 암수한꽃으로 6 ~ 7월에 피며, 지름 7mm로 연한 황록색이며 잎겨드랑이의 취산꽃차례에 달리고, 꽃부분은 4수이다."
39743,큰꿩의비름,우리나라 전역,"꽃은 8∼9월에 홍자색으로 피며 줄기 끝에 산방상 꽃차례에 많은 꽃이 빽빽이 달린다. 꽃받침조각은 5개로 선상 피침형, 꽃잎은 5개로 넓은 피침형이며 길이 5~6mm로 꽃받침보다 3배 정도 길다. 수술은 10개로 길이 6~7mm, 꽃밥은 자주색이 돌고 심피는 5개이다."
29285,용설란,온실에서 재배한다.,꽃대는 높이 10m이상 자라고 가지가 갈라져서 큰 원뿔모양꽃차례를 형성하며 노란색꽃이 원뿔모양꽃차례를 이루며 화피는 6개로 갈라지지만 완전히 벌어지지 않는다. 수술은 6개로서 길게 꽃밖으로 나온다. 꽃은 좀처럼 피지 않으며 꽃이 핀 다음에는 죽는다.
34731,송악,"일본, 타이완; 전라남북도, 경상남북도, 울릉도, 충청남도 및 인천 앞바다.","우상모양꽃차례는 1개 또는 모여 취산상을 이루며 암수한꽃으로 지름이 4 ~ 5mm로 녹황색이고, 꽃잎은 녹색으로 겉에 성모가 있고 수술과 암술대 각각 5개이며 9월 말 ~ 11월 중순 개화한다."
24370,마삭줄,"일본 / 전라남북도, 경상남도, 제주도.","꽃은 6월 초 ~ 7월 말에 피고 지름 2 ~ 3cm로 백색에서 황색으로 변하고, 취산꽃차례는 가지 끝 또는 잎겨드랑이에 달리며, 꽃대 길이는 5 ~ 10mm이고 꽃받침은 5개로 깊게 갈라지며, 꽃부리 길이는 7 ~ 8mm로 5갈래로 갈라지고, 수술은 5개로 판통에 붙어있으며, 꽃밥 끝이 화통부 입구까지 닿는다."
30150,산국,"▶한국, 일본, 중국 북부, 시베리아에 분포한다.
▶전국의 산과 들판 양지에 자생한다.","꽃은 9-10월에  피며 지름 1.5cm로서 가지 끝과 원줄기 끝에 산형 비슷하게 달린다. 총포의 길이는 4mm, 직경이 8mm이며, 포편은 3~4줄로 배열되고, 외편은 선형 또는 긴 타원형으로서 겉에 털이 있으며, 내편은 긴 타원형이고 가장자리가 막질이다. 설상화관은 길이 5-7mm로서 황색이며 통상화관은 끝이 5개로 갈라진다."
28617,털머위,"울릉도 및 제주도, 남해안 도서지방에 분포한다.","꽃은 9-10월에 피고 화경은 길이 30-75cm로서 곧추 자라며 포가 있고 머리모양꽃차례는 가지 끝에 1개씩 달려서 전체가 산방상으로 되며 지름 4-6cm이고 황색이다. 포편은 길이 12-15mm로서 1줄로 배열되며 연한 녹색이고 혀꽃은 길이 3-4cm, 나비 6mm이다."
30803,꽃향유,"한국, 만주에 분포한다.
제주도와 남부, 중부 산야에 자생한다.",꽃은 9-10월에 피고 분홍빛이 나는 자주색이며 많은 꽃이 빽빽하게 한쪽으로 치우쳐서 이삭꽃차례를 이루고 꽃차례는 길이 2-5cm로서 원줄기 끝과 가지 끝에 달리며 바로 밑에 잎이 있다. 포는 콩팥모양이고 끝이 갑자기 바늘처럼 뾰족해지며 자줏빛이 돌고 가장자리에 긴 털이 있으며 꽃받침은 통형이고 길이 1.5mm정도로서 5개로 갈라지며 털이 있다. 꽃부리는 길이 6mm정도로서 통상 순형이고 상순의 끝이 오목 들어가며 하순은 3개로 갈라지고 2강수술은 길게 나오며 길이 1cm정도이다.
24373,협죽도,"▶일본과 대만에도 분포한다.
▶제주도 및 남부 각지에서 재배한다.",꽃은 7-8월에 피고 지름 4-5cm로서 흔히 적색이지만 백색도 있으며 가지 끝에 취산꽃차례로 달리고 꽃자루가 있다. 꽃받침은 5개로 깊게 갈라지며 꽃잎은 윗부분이 5개로 갈라져서 수평으로 퍼지고 후부에 실같은 부속체가 있다. 수술은 5개로서 화통(花筒)에 달리며 꽃밥 끝에 털이 달린 실같은 부속체가 있다.
41933,다정큼나무,남부지방,"양성꽃으로 5~6월에 백색으로 피며, 원뿔모양꽃차례는 가지 끝에 피며 갈색털이 있다가 없어진다. 꽃받침통은 갈색털이 밀생하며 열편은 예두이고, 꽃잎은 5개이고 길이 10~13mm로서 원두이며 흔히 치아모양톱니가 있다."
33919,백리향,"함경북도, 강원도, 경상남북도","꽃은 잎겨드랑이에 2~4개씩 달리지만 가지 끝부분에서 모여나기 때문에 짧은 수상으로 보이며, 꽃대는 길이 3mm로 털이 있고, 꽃받침은 길이 5mm로 10개의 늑맥이 5조각으로 갈라지며 위쪽 3개의 열편은 삼각형이고, 아래쪽 2개의 열편은 선형이다. 꽃부리는 분홍색이며 길이와 폭이 각 7~9mm × 5mm로 겉에 잔털과 샘이 있으며 6월 말~8월 개화한다."
37851,처녀치마,"▶한국, 일본 등지에 분포한다.
▶전국의 산지에 분포한다.",꽃은 4월에 피고 3-10개가 총상으로 달리며 적자색이지만 핀 후에는 자록색이 돌고 꽃대는 높이가 10-30cm로서 포같은 잎이 달리며 새로운 잎이 방석처럼 밑부분의 옆에서 돋는다. 꽃자루는 열매가 익을 때는 길이 1.5-2㎝이고 화피열편은 6개로 거꿀피침모양이며 길이 1-1.5㎝이다. 수술은 6개이고 수술대는 화피보다 길다.
37658,왕갯쑥부쟁이,한국(제주도 남부),"머리모양꽃차례는 자줏빛을 띤 파란색의 혀꽃과 노란색의 관상화로 되어 있으며, 지름 5~7cm이다. 총포는 포가 4~5줄로 배열되어 있고, 포는 위로 갈수록 그 크기가 작아지며, 선형, 끝이 뾰족하고, 길이 13mm, 너비 20mm 정도 이다. 가장자리에 약간의 털이 있다. 혀꽃은 피침형이고, 길이 3cm, 너비 5mm정도, 길이 4mm 정도의 갈색 관모가 있다. 관상화는 길이 11mm, 너비 2mm 정도, 길이 5mm 정도의 강모 같은 갈색관모가 있다."
22771,극락조화, ,"꽃은 6~7월에 주황색으로 피며 선상꽃차례를 이룬다. 포는 녹색이며 가장자리는 홍색이고 밑부분은 홍자색이다. 꽃받침조각은 3개로 등황색이며, 꽃잎은 짙은 하늘색이다."
37286,후크시아,온실 재배.,꽃은 7-8월에 피고 가지끝의 잎겨드랑이에서 꽃자루가 자라며 그 끝에 1개의 꽃이 달려 밑으로 처진다. 꽃받침은 긴 관처럼 되고 위끝이 4개로 갈라져서 퍼지며 적색이고 꽃잎은 4개로서 꽃받침열편보다 짧으며 대개 홍자색이지만 홍색 또는 백색인 것도 있다. 수술은 8개로서 꽃부리의 목부분에서 자라기 시작하여 긴 암술대와 더불어 꽃 밖으로 나오고 씨방은 하위이다.
31658,소나무,북부의 아고산지대와 산 정상부를 제외한 전국의 산지에 자생 및 식재,"개화기는 5월, 암수한그루, 수꽃은 타원형으로 새가지 끝에 달리며, 황색이고, 길이는 3.7~5.8mm이다. 암꽃은 난형이며, 수꽃차례 위에 1~4개가 달린다. 연한 자주색이며, 길이는 3.1~5.5mm이다. 화분은 장구형이고, 크기는 45~50㎛ 정도이며, 표면은 과립상이다. 화분체 양옆으로 기낭이 달린다."
31522,유자나무,중국; 남부지방에서 재배.,"꽃은 4월 ~ 5월에 피며 백색으로 잎겨드랑이에 1개씩 달리고, 꽃받침조각과 꽃잎은 각각 5개이다.  수술은 20개 정도로 5개로 합쳐지거나 밑부분에서 통상으로 합쳐진다."
30621,풍란,"한국, 중국, 대만, 일본에서 자란다. 
남부 지방에서 자란다.","꽃은 7월에 피고 순백색이나 오래 지나면 황색으로 변한다. 꽃대는 밑부분의 잎겨드랑이에서 나오고 길이 3-10cm로서 3-5개의 꽃이 총상으로 달린다. 포는 피침형이며 길이 4-7mm이고 꽃받침조각과 꽃잎은 선상 피침형이며 길이 1cm정도로서 끝이 둔하다. 꽃잎은 3개는 상향하고, 측편의 2개는 하향한다. 입술모양꽃부리는 길이 7-8mm로서 젖혀지고 3개로 갈라지며 측열편은 작고 원형이며 중앙열편은 달걀모양이고 길이 3-4mm로서 끝이 둔하다. 거(距)는 길이가 4cm 정도로 길게 뒤로 굽어서 아래로 향한다."
33160,만년청,관상용으로 재배하고 있다.,"꽃은 5-7월에 피며 지름 5mm정도로서 화피 윗부분이 6개로 갈라진다. 꽃대는 잎 사이에서 돋고 길이 10-20cm이며 잎이 없거나 1개의 인엽이 있고 이삭꽃차례는 길이 2-3.5cm로서 연한 황색꽃이 밀착한다. 수술은 6개이며, 수술대는 대부분 화피에 붙어 있다. 꽃밥은 달걀모양이고 씨방은 둥글며 3실로 되어 있는데, 각 실에는 밑씨가 2개씩 들어 있다. 암술대는 매우 짧으며 암술머리는 3개이다."
25660,백량금,"중국, 대만, 인도, 말레이시아, 필리핀, 베트남, 일본; 전라남도 홍도, 경상남도 및 제주도.","꽃은암수한꽃으로 꽃차례 가지 끝에 산형 또는 복산형으로 달리며, 꽃부리 지름은 8mm로 흰색이며, 끝이 수레바퀴모양으로 갈라지며, 열편은 달걀형 첨두로 검은색 점이 있고,  꽃받침은 달걀형 첨두로 수술대는 거의 없다. 6~8월 "
25645,자금우,"중국, 대만, 일본 / 전라남도 및 경상남도, 충청남도 및 경기도 해안. 울릉도, 제주도","꽃은 암수한꽃으로 6월에 개화하며, 우상모양꽃차례는 잎겨드랑이 또는 포의 겨드랑이에 달리며 밑으로 처지고 샘털이 있으며, 꽃대 길이는 10mm로 2 ~ 3개의 꽃이 달리며, 꽃받침조각은 달걀형 첨두로 연모가 있고, 꽃부리는 수레바퀴모양으로 흰색이며 5개로 갈라진 열편은 첨두로 검은색 점이 있다."
40447,포인세티아,온실 재배.,꽃같은 것은 1개의 원뿔모양꽃차례며 10여개가 모여 달리고 꽃차례를 둘러싸고 있는 총포는 종형이며 황록색이고 측면의 벽에 1개의 큰 선점이 있으며 그 속에 1개씩의 수꽃과 암꽃이 있다. 암꽃의 화경은 밖으로 길게 나온다.
35633,맥문동,"▶한국, 일본, 중국 등지에 분포한다.
▶중부 이남 산지에서 자란다.",꽃은 5-6월에 피며 꽃대는 30-50cm 이고 꽃이 3-5개씩 마디마다 모여 달리며 총상꽃차례는 길이 8-12cm이다. 꽃자루는 길이 2-5mm이고 꽃 밑부분 또는 중앙 윗부분에 관절이 있으며 화피열편은 6개이고 길이 4mm로서 연한 자주색이다. 수술은 6개이고 수술대는 구불구불하며 암술대는 1개이다.
40255,수호초, ,이삭꽃차례는 정생하고 길이 2-4cm이며 꽃은 일가화로 4-5월에 피고 밑부분에 화경이 있는 암꽃이 달리며 포와 꽃받침조각은 넓은 달걀모양이고 길이 2.5-3.5mm로서 연모가 있다. 꽃받침은 4개로 갈라지며 꽃잎은 없고 수술은 3-5개로서 길이 8mm정도이며 암술대는 2개로서 젖혀지고 끝까지 남아 있으며 안쪽에 잔돌기가 있다. 수꽃은  화경이 없이 윗부분에 피고 포와 꽃받침은 넓은 달걀모양으로 길이 2.5-3.5cm이다.
22901,돈나무,"중국, 대만, 일본; 전라남도, 경상남도 섬지역, 제주도 바닷가.",5~6월로 가지 끝에 취산꽃차례로 달리며 꽃은 암수한꽃이고 향기가 있으며 흰색에서 노란색으로 변한다. 꽃받침조각은 달걀모양으로서 수술과 더불어 각 5개이며 꽃잎은 5개로서 주걱모양이다. 양성꽃이지만 숫나무에 있는 암술은 기능이 퇴화되어 있다.
27935,호자나무,"태국, 인도, 중국, 일본; 전라남도 및 제주도.","꽃은 4월 ~ 5월에 피고 백색이며 길이 15mm로 잎겨드랑이에 1 ~ 2개씩 달리고, 꽃대가 짧으며 꽃받침 길이는 1.5mm이고 열편이 뾰족하다.  꽃부리는 통형으로 끝이 4갈래로 갈라지고 판통 안쪽에 털이 있으며 열편은 판통 길이의 1/6 ~ 1/5이다."
30318,죽절초,"일본, 대만, 중국, 인도, 말레이시아; 제주도.",양성꽃으로 6 ~ 7월에 피고 연한 황록색이며 가지끝에서 나는 이삭꽃차례에 달리며 포는 끝까지 남아 있다. 꽃잎과 꽃받침 없으며 수술과 암술이 1개씩 있고  씨방 달걀모양이며 연한 녹색으로 수술은 씨방 어깨에서 수평으로 퍼진다.
37522,월귤,"북반구 지역 / 한국(강원도 양양군, 인제군, 홍천군) ",꽃은 5-6월에 피며 가지 윗부분의 잎겨드랑이에서 나오는 총상꽃차례에 2-3개씩 달리고 포와 작은포가 있다. 꽃부리는 종(鐘) 모양이고 밑으로 처지며 길이 6-7mm이고 끝이 4개로 갈라지며 연한 홍색이고 수술은 10개이며 수술대에 털이 있다.
